Workbook

Sheet PT2018
A1: Población Total Censada 2018
A3: Municpios y edades simples | E3: Total | F3: Sexo | H3: Cabecera | K3: Centro Poblado | N3: Rural disperso
F4: Hombre | G4: Mujer | H4: Total | I4: Hombre | J4: Mujer | K4: Total | L4: Hombre | M4: Mujer | N4: Total | O4: Hombre | P4: Mujer
A5: 44_La Guajira | B5: 44001_Riohacha | C5: 0 a 4 | D5: 0 | E5: 3970 | F5: 1999 | G5: 1971 | H5: 2416 | I5: 1213 | J5: 1203 | K5: 346 | L5: 189 | M5: 157 | N5: 1208 | O5: 597 | P5: 611
D6: 1 | E6: 4108 | F6: 2066 | G6: 2042 | H6: 2382 | I6: 1177 | J6: 1205 | K6: 375 | L6: 188 | M6: 187 | N6: 1351 | O6: 701 | P6: 650
D7: 2 | E7: 4216 | F7: 2100 | G7: 2116 | H7: 2455 | I7: 1263 | J7: 1192 | K7: 375 | L7: 193 | M7: 182 | N7: 1386 | O7: 644 | P7: 742
D8: 3 | E8: 4207 | F8: 2141 | G8: 2066 | H8: 2422 | I8: 1254 | J8: 1168 | K8: 372 | L8: 185 | M8: 187 | N8: 1413 | O8: 702 | P8: 711
D9: 4 | E9: 3955 | F9: 2037 | G9: 1918 | H9: 2271 | I9: 1178 | J9: 1093 | K9: 323 | L9: 156 | M9: 167 | N9: 1361 | O9: 703 | P9: 658
D10: Total grupo edad | E10: 20456 | F10: 10343 | G10: 10113 | H10: 11946 | I10: 6085 | J10: 5861 | K10: 1791 | L10: 911 | M10: 880 | N10: 6719 | O10: 3347 | P10: 3372
C11: 5 a 9 | D11: 5 | E11: 4051 | F11: 2094 | G11: 1957 | H11: 2315 | I11: 1223 | J11: 1092 | K11: 423 | L11: 225 | M11: 198 | N11: 1313 | O11: 646 | P11: 667
D12: 6 | E12: 4235 | F12: 2132 | G12: 2103 | H12: 2490 | I12: 1254 | J12: 1236 | K12: 386 | L12: 189 | M12: 197 | N12: 1359 | O12: 689 | P12: 670
D13: 7 | E13: 4042 | F13: 2070 | G13: 1972 | H13: 2461 | I13: 1248 | J13: 1213 | K13: 376 | L13: 190 | M13: 186 | N13: 1205 | O13: 632 | P13: 573
D14: 8 | E14: 3944 | F14: 1977 | G14: 1967 | H14: 2421 | I14: 1227 | J14: 1194 | K14: 373 | L14: 182 | M14: 191 | N14: 1150 | O14: 568 | P14: 582
D15: 9 | E15: 3959 | F15: 2023 | G15: 1936 | H15: 2421 | I15: 1255 | J15: 1166 | K15: 397 | L15: 197 | M15: 200 | N15: 1141 | O15: 571 | P15: 570
D16: Total grupo edad | E16: 20231 | F16: 10296 | G16: 9935 | H16: 12108 | I16: 6207 | J16: 5901 | K16: 1955 | L16: 983 | M16: 972 | N16: 6168 | O16: 3106 | P16: 3062
C17: 10 a 14 | D17: 10 | E17: 3849 | F17: 1980 | G17: 1869 | H17: 2378 | I17: 1232 | J17: 1146 | K17: 368 | L17: 178 | M17: 190 | N17: 1103 | O17: 570 | P17: 533
D18: 11 | E18: 3874 | F18: 1977 | G18: 1897 | H18: 2439 | I18: 1246 | J18: 1193 | K18: 366 | L18: 198 | M18: 168 | N18: 1069 | O18: 533 | P18: 536
D19: 12 | E19: 3576 | F19: 1776 | G19: 1800 | H19: 2248 | I19: 1105 | J19: 1143 | K19: 342 | L19: 171 | M19: 171 | N19: 986 | O19: 500 | P19: 486
D20: 13 | E20: 3631 | F20: 1853 | G20: 1778 | H20: 2301 | I20: 1162 | J20: 1139 | K20: 360 | L20: 207 | M20: 153 | N20: 970 | O20: 484 | P20: 486
D21: 14 | E21: 3508 | F21: 1783 | G21: 1725 | H21: 2269 | I21: 1120 | J21: 1149 | K21: 342 | L21: 215 | M21: 127 | N21: 897 | O21: 448 | P21: 449
D22: Total grupo edad | E22: 18438 | F22: 9369 | G22: 9069 | H22: 11635 | I22: 5865 | J22: 5770 | K22: 1778 | L22: 969 | M22: 809 | N22: 5025 | O22: 2535 | P22: 2490
C23: 15 a 19 | D23: 15 | E23: 3445 | F23: 1690 | G23: 1755 | H23: 2275 | I23: 1130 | J23: 1145 | K23: 323 | L23: 160 | M23: 163 | N23: 847 | O23: 400 | P23: 447
D24: 16 | E24: 3358 | F24: 1633 | G24: 1725 | H24: 2152 | I24: 1042 | J24: 1110 | K24: 339 | L24: 174 | M24: 165 | N24: 867 | O24: 417 | P24: 450
D25: 17 | E25: 3599 | F25: 1765 | G25: 1834 | H25: 2413 | I25: 1176 | J25: 1237 | K25: 352 | L25: 171 | M25: 181 | N25: 834 | O25: 418 | P25: 416
D26: 18 | E26: 3959 | F26: 2028 | G26: 1931 | H26: 2671 | I26: 1359 | J26: 1312 | K26: 336 | L26: 181 | M26: 155 | N26: 952 | O26: 488 | P26: 464
D27: 19 | E27: 3545 | F27: 1781 | G27: 1764 | H27: 2397 | I27: 1156 | J27: 1241 | K27: 250 | L27: 135 | M27: 115 | N27: 898 | O27: 490 | P27: 408
D28: Total grupo edad | E28: 17906 | F28: 8897 | G28: 9009 | H28: 11908 | I28: 5863 | J28: 6045 | K28: 1600 | L28: 821 | M28: 779 | N28: 4398 | O28: 2213 | P28: 2185
C29: 20 a 24 | D29: 20 | E29: 3488 | F29: 1767 | G29: 1721 | H29: 2380 | I29: 1185 | J29: 1195 | K29: 261 | L29: 138 | M29: 123 | N29: 847 | O29: 444 | P29: 403
D30: 21 | E30: 3233 | F30: 1624 | G30: 1609 | H30: 2200 | I30: 1082 | J30: 1118 | K30: 262 | L30: 133 | M30: 129 | N30: 771 | O30: 409 | P30: 362
D31: 22 | E31: 3448 | F31: 1723 | G31: 1725 | H31: 2381 | I31: 1187 | J31: 1194 | K31: 290 | L31: 136 | M31: 154 | N31: 777 | O31: 400 | P31: 377
D32: 23 | E32: 3440 | F32: 1658 | G32: 1782 | H32: 2449 | I32: 1165 | J32: 1284 | K32: 263 | L32: 136 | M32: 127 | N32: 728 | O32: 357 | P32: 371
D33: 24 | E33: 3214 | F33: 1527 | G33: 1687 | H33: 2284 | I33: 1065 | J33: 1219 | K33: 260 | L33: 129 | M33: 131 | N33: 670 | O33: 333 | P33: 337
D34: Total grupo edad | E34: 16823 | F34: 8299 | G34: 8524 | H34: 11694 | I34: 5684 | J34: 6010 | K34: 1336 | L34: 672 | M34: 664 | N34: 3793 | O34: 1943 | P34: 1850
C35: 25 a 29 | D35: 25 | E35: 3226 | F35: 1555 | G35: 1671 | H35: 2331 | I35: 1119 | J35: 1212 | K35: 248 | L35: 117 | M35: 131 | N35: 647 | O35: 319 | P35: 328
D36: 26 | E36: 3105 | F36: 1484 | G36: 1621 | H36: 2240 | I36: 1045 | J36: 1195 | K36: 257 | L36: 134 | M36: 123 | N36: 608 | O36: 305 | P36: 303
D37: 27 | E37: 2945 | F37: 1374 | G37: 1571 | H37: 2198 | I37: 1028 | J37: 1170 | K37: 233 | L37: 106 | M37: 127 | N37: 514 | O37: 240 | P37: 274
D38: 28 | E38: 2863 | F38: 1395 | G38: 1468 | H38: 2110 | I38: 1002 | J38: 1108 | K38: 254 | L38: 129 | M38: 125 | N38: 499 | O38: 264 | P38: 235
D39: 29 | E39: 2896 | F39: 1431 | G39: 1465 | H39: 2125 | I39: 1052 | J39: 1073 | K39: 226 | L39: 107 | M39: 119 | N39: 545 | O39: 272 | P39: 273
D40: Total grupo edad | E40: 15035 | F40: 7239 | G40: 7796 | H40: 11004 | I40: 5246 | J40: 5758 | K40: 1218 | L40: 593 | M40: 625 | N40: 2813 | O40: 1400 | P40: 1413
C41: 30 a 34 | D41: 30 | E41: 2889 | F41: 1418 | G41: 1471 | H41: 1967 | I41: 966 | J41: 1001 | K41: 218 | L41: 100 | M41: 118 | N41: 704 | O41: 352 | P41: 352
D42: 31 | E42: 2593 | F42: 1272 | G42: 1321 | H42: 1904 | I42: 920 | J42: 984 | K42: 215 | L42: 114 | M42: 101 | N42: 474 | O42: 238 | P42: 236
D43: 32 | E43: 2629 | F43: 1269 | G43: 1360 | H43: 2013 | I43: 960 | J43: 1053 | K43: 197 | L43: 99 | M43: 98 | N43: 419 | O43: 210 | P43: 209
D44: 33 | E44: 2672 | F44: 1329 | G44: 1343 | H44: 1982 | I44: 977 | J44: 1005 | K44: 240 | L44: 127 | M44: 113 | N44: 450 | O44: 225 | P44: 225
D45: 34 | E45: 2569 | F45: 1247 | G45: 1322 | H45: 1901 | I45: 874 | J45: 1027 | K45: 222 | L45: 129 | M45: 93 | N45: 446 | O45: 244 | P45: 202
D46: Total grupo edad | E46: 13352 | F46: 6535 | G46: 6817 | H46: 9767 | I46: 4697 | J46: 5070 | K46: 1092 | L46: 569 | M46: 523 | N46: 2493 | O46: 1269 | P46: 1224
C47: 35 a 39 | D47: 35 | E47: 2730 | F47: 1349 | G47: 1381 | H47: 2009 | I47: 967 | J47: 1042 | K47: 218 | L47: 118 | M47: 100 | N47: 503 | O47: 264 | P47: 239
D48: 36 | E48: 2547 | F48: 1211 | G48: 1336 | H48: 1850 | I48: 883 | J48: 967 | K48: 209 | L48: 101 | M48: 108 | N48: 488 | O48: 227 | P48: 261
D49: 37 | E49: 2315 | F49: 1133 | G49: 1182 | H49: 1782 | I49: 847 | J49: 935 | K49: 181 | L49: 99 | M49: 82 | N49: 352 | O49: 187 | P49: 165
D50: 38 | E50: 2349 | F50: 1107 | G50: 1242 | H50: 1770 | I50: 811 | J50: 959 | K50: 219 | L50: 109 | M50: 110 | N50: 360 | O50: 187 | P50: 173
D51: 39 | E51: 2229 | F51: 1052 | G51: 1177 | H51: 1620 | I51: 760 | J51: 860 | K51: 208 | L51: 96 | M51: 112 | N51: 401 | O51: 196 | P51: 205
D52: Total grupo edad | E52: 12170 | F52: 5852 | G52: 6318 | H52: 9031 | I52: 4268 | J52: 4763 | K52: 1035 | L52: 523 | M52: 512 | N52: 2104 | O52: 1061 | P52: 1043
C53: 40 a 44 | D53: 40 | E53: 2134 | F53: 1026 | G53: 1108 | H53: 1511 | I53: 691 | J53: 820 | K53: 200 | L53: 107 | M53: 93 | N53: 423 | O53: 228 | P53: 195
D54: 41 | E54: 1893 | F54: 900 | G54: 993 | H54: 1442 | I54: 676 | J54: 766 | K54: 162 | L54: 94 | M54: 68 | N54: 289 | O54: 130 | P54: 159
D55: 42 | E55: 1881 | F55: 892 | G55: 989 | H55: 1362 | I55: 637 | J55: 725 | K55: 168 | L55: 79 | M55: 89 | N55: 351 | O55: 176 | P55: 175
D56: 43 | E56: 1775 | F56: 860 | G56: 915 | H56: 1292 | I56: 606 | J56: 686 | K56: 165 | L56: 89 | M56: 76 | N56: 318 | O56: 165 | P56: 153
D57: 44 | E57: 1632 | F57: 787 | G57: 845 | H57: 1236 | I57: 577 | J57: 659 | K57: 126 | L57: 64 | M57: 62 | N57: 270 | O57: 146 | P57: 124
D58: Total grupo edad | E58: 9315 | F58: 4465 | G58: 4850 | H58: 6843 | I58: 3187 | J58: 3656 | K58: 821 | L58: 433 | M58: 388 | N58: 1651 | O58: 845 | P58: 806
C59: 45 a 49 | D59: 45 | E59: 1775 | F59: 824 | G59: 951 | H59: 1273 | I59: 569 | J59: 704 | K59: 180 | L59: 87 | M59: 93 | N59: 322 | O59: 168 | P59: 154
D60: 46 | E60: 1566 | F60: 729 | G60: 837 | H60: 1227 | I60: 549 | J60: 678 | K60: 120 | L60: 62 | M60: 58 | N60: 219 | O60: 118 | P60: 101
D61: 47 | E61: 1622 | F61: 725 | G61: 897 | H61: 1234 | I61: 540 | J61: 694 | K61: 145 | L61: 67 | M61: 78 | N61: 243 | O61: 118 | P61: 125
D62: 48 | E62: 1659 | F62: 802 | G62: 857 | H62: 1246 | I62: 577 | J62: 669 | K62: 151 | L62: 78 | M62: 73 | N62: 262 | O62: 147 | P62: 115
D63: 49 | E63: 1543 | F63: 721 | G63: 822 | H63: 1225 | I63: 547 | J63: 678 | K63: 122 | L63: 65 | M63: 57 | N63: 196 | O63: 109 | P63: 87
D64: Total grupo edad | E64: 8165 | F64: 3801 | G64: 4364 | H64: 6205 | I64: 2782 | J64: 3423 | K64: 718 | L64: 359 | M64: 359 | N64: 1242 | O64: 660 | P64: 582
C65: 50 a 54 | D65: 50 | E65: 1519 | F65: 699 | G65: 820 | H65: 1177 | I65: 513 | J65: 664 | K65: 141 | L65: 65 | M65: 76 | N65: 201 | O65: 121 | P65: 80
D66: 51 | E66: 1432 | F66: 637 | G66: 795 | H66: 1120 | I66: 482 | J66: 638 | K66: 110 | L66: 67 | M66: 43 | N66: 202 | O66: 88 | P66: 114
D67: 52 | E67: 1432 | F67: 635 | G67: 797 | H67: 1090 | I67: 467 | J67: 623 | K67: 145 | L67: 75 | M67: 70 | N67: 197 | O67: 93 | P67: 104
D68: 53 | E68: 1393 | F68: 642 | G68: 751 | H68: 1055 | I68: 464 | J68: 591 | K68: 124 | L68: 62 | M68: 62 | N68: 214 | O68: 116 | P68: 98
D69: 54 | E69: 1316 | F69: 631 | G69: 685 | H69: 1026 | I69: 466 | J69: 560 | K69: 133 | L69: 75 | M69: 58 | N69: 157 | O69: 90 | P69: 67
D70: Total grupo edad | E70: 7092 | F70: 3244 | G70: 3848 | H70: 5468 | I70: 2392 | J70: 3076 | K70: 653 | L70: 344 | M70: 309 | N70: 971 | O70: 508 | P70: 463
C71: 55 a 59 | D71: 55 | E71: 1371 | F71: 614 | G71: 757 | H71: 1052 | I71: 444 | J71: 608 | K71: 112 | L71: 61 | M71: 51 | N71: 207 | O71: 109 | P71: 98
D72: 56 | E72: 1214 | F72: 588 | G72: 626 | H72: 934 | I72: 442 | J72: 492 | K72: 115 | L72: 51 | M72: 64 | N72: 165 | O72: 95 | P72: 70
D73: 57 | E73: 1218 | F73: 542 | G73: 676 | H73: 909 | I73: 396 | J73: 513 | K73: 129 | L73: 57 | M73: 72 | N73: 180 | O73: 89 | P73: 91
D74: 58 | E74: 1201 | F74: 519 | G74: 682 | H74: 908 | I74: 377 | J74: 531 | K74: 122 | L74: 53 | M74: 69 | N74: 171 | O74: 89 | P74: 82
D75: 59 | E75: 1072 | F75: 498 | G75: 574 | H75: 814 | I75: 363 | J75: 451 | K75: 94 | L75: 54 | M75: 40 | N75: 164 | O75: 81 | P75: 83
D76: Total grupo edad | E76: 6076 | F76: 2761 | G76: 3315 | H76: 4617 | I76: 2022 | J76: 2595 | K76: 572 | L76: 276 | M76: 296 | N76: 887 | O76: 463 | P76: 424
C77: 60 a 64 | D77: 60 | E77: 1161 | F77: 550 | G77: 611 | H77: 859 | I77: 379 | J77: 480 | K77: 105 | L77: 61 | M77: 44 | N77: 197 | O77: 110 | P77: 87
D78: 61 | E78: 940 | F78: 427 | G78: 513 | H78: 722 | I78: 324 | J78: 398 | K78: 93 | L78: 38 | M78: 55 | N78: 125 | O78: 65 | P78: 60
D79: 62 | E79: 875 | F79: 424 | G79: 451 | H79: 668 | I79: 314 | J79: 354 | K79: 89 | L79: 49 | M79: 40 | N79: 118 | O79: 61 | P79: 57
D80: 63 | E80: 878 | F80: 380 | G80: 498 | H80: 676 | I80: 274 | J80: 402 | K80: 104 | L80: 57 | M80: 47 | N80: 98 | O80: 49 | P80: 49
D81: 64 | E81: 687 | F81: 330 | G81: 357 | H81: 549 | I81: 256 | J81: 293 | K81: 68 | L81: 33 | M81: 35 | N81: 70 | O81: 41 | P81: 29
D82: Total grupo edad | E82: 4541 | F82: 2111 | G82: 2430 | H82: 3474 | I82: 1547 | J82: 1927 | K82: 459 | L82: 238 | M82: 221 | N82: 608 | O82: 326 | P82: 282
C83: 65 a 69 | D83: 65 | E83: 708 | F83: 325 | G83: 383 | H83: 556 | I83: 241 | J83: 315 | K83: 76 | L83: 42 | M83: 34 | N83: 76 | O83: 42 | P83: 34
D84: 66 | E84: 648 | F84: 312 | G84: 336 | H84: 469 | I84: 208 | J84: 261 | K84: 82 | L84: 48 | M84: 34 | N84: 97 | O84: 56 | P84: 41
D85: 67 | E85: 617 | F85: 263 | G85: 354 | H85: 443 | I85: 183 | J85: 260 | K85: 37 | L85: 19 | M85: 18 | N85: 137 | O85: 61 | P85: 76
D86: 68 | E86: 590 | F86: 293 | G86: 297 | H86: 444 | I86: 215 | J86: 229 | K86: 46 | L86: 25 | M86: 21 | N86: 100 | O86: 53 | P86: 47
D87: 69 | E87: 423 | F87: 190 | G87: 233 | H87: 311 | I87: 140 | J87: 171 | K87: 39 | L87: 14 | M87: 25 | N87: 73 | O87: 36 | P87: 37
D88: Total grupo edad | E88: 2986 | F88: 1383 | G88: 1603 | H88: 2223 | I88: 987 | J88: 1236 | K88: 280 | L88: 148 | M88: 132 | N88: 483 | O88: 248 | P88: 235
C89: 70 a 74 | D89: 70 | E89: 556 | F89: 258 | G89: 298 | H89: 376 | I89: 161 | J89: 215 | K89: 52 | L89: 32 | M89: 20 | N89: 128 | O89: 65 | P89: 63
D90: 71 | E90: 402 | F90: 190 | G90: 212 | H90: 300 | I90: 139 | J90: 161 | K90: 30 | L90: 13 | M90: 17 | N90: 72 | O90: 38 | P90: 34
D91: 72 | E91: 377 | F91: 180 | G91: 197 | H91: 274 | I91: 125 | J91: 149 | K91: 30 | L91: 15 | M91: 15 | N91: 73 | O91: 40 | P91: 33
D92: 73 | E92: 367 | F92: 165 | G92: 202 | H92: 272 | I92: 115 | J92: 157 | K92: 43 | L92: 18 | M92: 25 | N92: 52 | O92: 32 | P92: 20
D93: 74 | E93: 325 | F93: 152 | G93: 173 | H93: 220 | I93: 104 | J93: 116 | K93: 30 | L93: 14 | M93: 16 | N93: 75 | O93: 34 | P93: 41
D94: Total grupo edad | E94: 2027 | F94: 945 | G94: 1082 | H94: 1442 | I94: 644 | J94: 798 | K94: 185 | L94: 92 | M94: 93 | N94: 400 | O94: 209 | P94: 191
C95: 75 a 79 | D95: 75 | E95: 286 | F95: 132 | G95: 154 | H95: 207 | I95: 90 | J95: 117 | K95: 38 | L95: 16 | M95: 22 | N95: 41 | O95: 26 | P95: 15
D96: 76 | E96: 247 | F96: 111 | G96: 136 | H96: 186 | I96: 83 | J96: 103 | K96: 31 | L96: 14 | M96: 17 | N96: 30 | O96: 14 | P96: 16
D97: 77 | E97: 311 | F97: 136 | G97: 175 | H97: 203 | I97: 86 | J97: 117 | K97: 20 | L97: 11 | M97: 9 | N97: 88 | O97: 39 | P97: 49
D98: 78 | E98: 280 | F98: 101 | G98: 179 | H98: 199 | I98: 65 | J98: 134 | K98: 33 | L98: 13 | M98: 20 | N98: 48 | O98: 23 | P98: 25
D99: 79 | E99: 228 | F99: 89 | G99: 139 | H99: 143 | I99: 47 | J99: 96 | K99: 42 | L99: 22 | M99: 20 | N99: 43 | O99: 20 | P99: 23
D100: Total grupo edad | E100: 1352 | F100: 569 | G100: 783 | H100: 938 | I100: 371 | J100: 567 | K100: 164 | L100: 76 | M100: 88 | N100: 250 | O100: 122 | P100: 128
C101: 80 a 84 | D101: 80 | E101: 233 | F101: 112 | G101: 121 | H101: 148 | I101: 72 | J101: 76 | K101: 32 | L101: 12 | M101: 20 | N101: 53 | O101: 28 | P101: 25
...

Sheet DF2018
A2: 44 La Guajira
A3: Departamento, municipio y área de residencia | C3: TOTAL | D3: Total | G3: Grupos de edad
G4: Menor 1 hora | J4: De 1 a 23 horas | M4: De 1 a 6 días | P4: De 7 a 27 dias | S4: De 28 a 29 días | V4: De 1 a 5 meses | Y4: De 6 a 11 meses | AB4: De 1 año | AE4: De 2 a 4 años | AH4: De 5 a 9 años | AK4: De 10 a 14 años | AN4: De 15 a 19 años | AQ4: De 20 a 24 años | AT4: De 25 a 29 años | AW4: De 30 a 34 años | AZ4: De 35 a 39 años | BC4: De 40 a 44 años | BF4: De 45 a 49 años | BI4: De 50 a 54 años | BL4: De 55 a 59 años | BO4: De 60 a 64 años | BR4: De 65 a 69 años | BU4: De 70 a 74 años | BX4: De 75 a 79 años | CA4: De 80 a 84 años | CD4: De 85 a 89 años | CG4: De 90 a 94 años | CJ4: De 95 a 99 años | CM4: De 100 años y más | CP4: Edad desconocida
D5: Hombres | E5: Mujeres | F5: Indeterminado | G5: Hombres | H5: Mujeres | I5: Indeterminado | J5: Hombres | K5: Mujeres | L5: Indeterminado | M5: Hombres | N5: Mujeres | O5: Indeterminado | P5: Hombres | Q5: Mujeres | R5: Indeterminado | S5: Hombres | T5: Mujeres | U5: Indeterminado | V5: Hombres | W5: Mujeres | X5: Indeterminado | Y5: Hombres | Z5: Mujeres | AA5: Indeterminado | AB5: Hombres | AC5: Mujeres | AD5: Indeterminado | AE5: Hombres | AF5: Mujeres | AG5: Indeterminado | AH5: Hombres | AI5: Mujeres | AJ5: Indeterminado | AK5: Hombres | AL5: Mujeres | AM5: Indeterminado | AN5: Hombres | AO5: Mujeres | AP5: Indeterminado | AQ5: Hombres | AR5: Mujeres | AS5: Indeterminado | AT5: Hombres | AU5: Mujeres | AV5: Indeterminado | AW5: Hombres | AX5: Mujeres | AY5: Indeterminado | AZ5: Hombres | BA5: Mujeres | BB5: Indeterminado | BC5: Hombres | BD5: Mujeres | BE5: Indeterminado | BF5: Hombres | BG5: Mujeres | BH5: Indeterminado | BI5: Hombres | BJ5: Mujeres | BK5: Indeterminado | BL5: Hombres | BM5: Mujeres | BN5: Indeterminado | BO5: Hombres | BP5: Mujeres | BQ5: Indeterminado | BR5: Hombres | BS5: Mujeres | BT5: Indeterminado | BU5: Hombres | BV5: Mujeres | BW5: Indeterminado | BX5: Hombres | BY5: Mujeres | BZ5: Indeterminado | CA5: Hombres | CB5: Mujeres | CC5: Indeterminado | CD5: Hombres | CE5: Mujeres | CF5: Indeterminado | CG5: Hombres | CH5: Mujeres | CI5: Indeterminado | CJ5: Hombres | CK5: Mujeres | CL5: Indeterminado | CM5: Hombres | CN5: Mujeres | CO5: Indeterminado | CP5: Hombres | CQ5: Mujeres | CR5: Indeterminado
A6: TOTAL | B6: TOTAL | C6: 2759 | D6: 1546 | E6: 1213 | F6: 0 | G6: 2 | H6: 5 | I6: 0 | J6: 34 | K6: 18 | L6: 0 | M6: 49 | N6: 33 | O6: 0 | P6: 28 | Q6: 35 | R6: 0 | S6: 0 | T6: 0 | U6: 0 | V6: 52 | W6: 63 | X6: 0 | Y6: 51 | Z6: 29 | AA6: 0 | AB6: 43 | AC6: 28 | AD6: 0 | AE6: 33 | AF6: 28 | AG6: 0 | AH6: 20 | AI6: 10 | AJ6: 0 | AK6: 12 | AL6: 18 | AM6: 0 | AN6: 47 | AO6: 25 | AP6: 0 | AQ6: 67 | AR6: 18 | AS6: 0 | AT6: 70 | AU6: 25 | AV6: 0 | AW6: 55 | AX6: 29 | AY6: 0 | AZ6: 60 | BA6: 37 | BB6: 0 | BC6: 49 | BD6: 43 | BE6: 0 | BF6: 56 | BG6: 34 | BH6: 0 | BI6: 64 | BJ6: 54 | BK6: 0 | BL6: 85 | BM6: 68 | BN6: 0 | BO6: 93 | BP6: 70 | BQ6: 0 | BR6: 112 | BS6: 84 | BT6: 0 | BU6: 103 | BV6: 73 | BW6: 0 | BX6: 104 | BY6: 95 | BZ6: 0 | CA6: 115 | CB6: 110 | CC6: 0 | CD6: 74 | CE6: 75 | CF6: 0 | CG6: 40 | CH6: 53 | CI6: 0 | CJ6: 20 | CK6: 44 | CL6: 0 | CM6: 8 | CN6: 9 | CO6: 0 | CP6: 0 | CQ6: 0 | CR6: 0
B7: Cabecera municipal | C7: 2024 | D7: 1129 | E7: 895 | F7: 0 | G7: 1 | H7: 2 | I7: 0 | J7: 15 | K7: 12 | L7: 0 | M7: 33 | N7: 23 | O7: 0 | P7: 19 | Q7: 24 | R7: 0 | S7: 0 | T7: 0 | U7: 0 | V7: 29 | W7: 37 | X7: 0 | Y7: 25 | Z7: 14 | AA7: 0 | AB7: 27 | AC7: 9 | AD7: 0 | AE7: 17 | AF7: 12 | AG7: 0 | AH7: 8 | AI7: 3 | AJ7: 0 | AK7: 7 | AL7: 13 | AM7: 0 | AN7: 35 | AO7: 15 | AP7: 0 | AQ7: 48 | AR7: 12 | AS7: 0 | AT7: 58 | AU7: 19 | AV7: 0 | AW7: 36 | AX7: 17 | AY7: 0 | AZ7: 44 | BA7: 29 | BB7: 0 | BC7: 33 | BD7: 36 | BE7: 0 | BF7: 39 | BG7: 24 | BH7: 0 | BI7: 50 | BJ7: 39 | BK7: 0 | BL7: 65 | BM7: 53 | BN7: 0 | BO7: 77 | BP7: 57 | BQ7: 0 | BR7: 98 | BS7: 67 | BT7: 0 | BU7: 83 | BV7: 58 | BW7: 0 | BX7: 76 | BY7: 77 | BZ7: 0 | CA7: 86 | CB7: 92 | CC7: 0 | CD7: 64 | CE7: 62 | CF7: 0 | CG7: 34 | CH7: 48 | CI7: 0 | CJ7: 17 | CK7: 35 | CL7: 0 | CM7: 5 | CN7: 6 | CO7: 0 | CP7: 0 | CQ7: 0 | CR7: 0
B8: Centro poblado | C8: 234 | D8: 139 | E8: 95 | F8: 0 | G8: 0 | H8: 1 | I8: 0 | J8: 5 | K8: 1 | L8: 0 | M8: 1 | N8: 3 | O8: 0 | P8: 0 | Q8: 2 | R8: 0 | S8: 0 | T8: 0 | U8: 0 | V8: 2 | W8: 2 | X8: 0 | Y8: 3 | Z8: 2 | AA8: 0 | AB8: 3 | AC8: 3 | AD8: 0 | AE8: 4 | AF8: 2 | AG8: 0 | AH8: 3 | AI8: 3 | AJ8: 0 | AK8: 2 | AL8: 2 | AM8: 0 | AN8: 5 | AO8: 2 | AP8: 0 | AQ8: 4 | AR8: 2 | AS8: 0 | AT8: 6 | AU8: 1 | AV8: 0 | AW8: 6 | AX8: 4 | AY8: 0 | AZ8: 4 | BA8: 4 | BB8: 0 | BC8: 8 | BD8: 4 | BE8: 0 | BF8: 4 | BG8: 2 | BH8: 0 | BI8: 7 | BJ8: 7 | BK8: 0 | BL8: 11 | BM8: 3 | BN8: 0 | BO8: 7 | BP8: 5 | BQ8: 0 | BR8: 6 | BS8: 4 | BT8: 0 | BU8: 6 | BV8: 7 | BW8: 0 | BX8: 13 | BY8: 6 | BZ8: 0 | CA8: 16 | CB8: 7 | CC8: 0 | CD8: 6 | CE8: 8 | CF8: 0 | CG8: 5 | CH8: 4 | CI8: 0 | CJ8: 1 | CK8: 3 | CL8: 0 | CM8: 1 | CN8: 1 | CO8: 0 | CP8: 0 | CQ8: 0 | CR8: 0
B9: Rural disperso | C9: 495 | D9: 272 | E9: 223 | F9: 0 | G9: 1 | H9: 2 | I9: 0 | J9: 14 | K9: 5 | L9: 0 | M9: 15 | N9: 7 | O9: 0 | P9: 9 | Q9: 9 | R9: 0 | S9: 0 | T9: 0 | U9: 0 | V9: 21 | W9: 24 | X9: 0 | Y9: 23 | Z9: 13 | AA9: 0 | AB9: 13 | AC9: 16 | AD9: 0 | AE9: 12 | AF9: 14 | AG9: 0 | AH9: 9 | AI9: 4 | AJ9: 0 | AK9: 3 | AL9: 3 | AM9: 0 | AN9: 7 | AO9: 8 | AP9: 0 | AQ9: 15 | AR9: 4 | AS9: 0 | AT9: 4 | AU9: 5 | AV9: 0 | AW9: 11 | AX9: 8 | AY9: 0 | AZ9: 12 | BA9: 4 | BB9: 0 | BC9: 7 | BD9: 3 | BE9: 0 | BF9: 12 | BG9: 8 | BH9: 0 | BI9: 7 | BJ9: 8 | BK9: 0 | BL9: 9 | BM9: 12 | BN9: 0 | BO9: 9 | BP9: 8 | BQ9: 0 | BR9: 8 | BS9: 13 | BT9: 0 | BU9: 14 | BV9: 8 | BW9: 0 | BX9: 15 | BY9: 12 | BZ9: 0 | CA9: 13 | CB9: 11 | CC9: 0 | CD9: 4 | CE9: 5 | CF9: 0 | CG9: 1 | CH9: 1 | CI9: 0 | CJ9: 2 | CK9: 6 | CL9: 0 | CM9: 2 | CN9: 2 | CO9: 0 | CP9: 0 | CQ9: 0 | CR9: 0
B10: Sin información | C10: 6 | D10: 6 | E10: 0 | F10: 0 | G10: 0 | H10: 0 | I10: 0 | J10: 0 | K10: 0 | L10: 0 | M10: 0 | N10: 0 | O10: 0 | P10: 0 | Q10: 0 | R10: 0 | S10: 0 | T10: 0 | U10: 0 | V10: 0 | W10: 0 | X10: 0 | Y10: 0 | Z10: 0 | AA10: 0 | AB10: 0 | AC10: 0 | AD10: 0 | AE10: 0 | AF10: 0 | AG10: 0 | AH10: 0 | AI10: 0 | AJ10: 0 | AK10: 0 | AL10: 0 | AM10: 0 | AN10: 0 | AO10: 0 | AP10: 0 | AQ10: 0 | AR10: 0 | AS10: 0 | AT10: 2 | AU10: 0 | AV10: 0 | AW10: 2 | AX10: 0 | AY10: 0 | AZ10: 0 | BA10: 0 | BB10: 0 | BC10: 1 | BD10: 0 | BE10: 0 | BF10: 1 | BG10: 0 | BH10: 0 | BI10: 0 | BJ10: 0 | BK10: 0 | BL10: 0 | BM10: 0 | BN10: 0 | BO10: 0 | BP10: 0 | BQ10: 0 | BR10: 0 | BS10: 0 | BT10: 0 | BU10: 0 | BV10: 0 | BW10: 0 | BX10: 0 | BY10: 0 | BZ10: 0 | CA10: 0 | CB10: 0 | CC10: 0 | CD10: 0 | CE10: 0 | CF10: 0 | CG10: 0 | CH10: 0 | CI10: 0 | CJ10: 0 | CK10: 0 | CL10: 0 | CM10: 0 | CN10: 0 | CO10: 0 | CP10: 0 | CQ10: 0 | CR10: 0
A11: 44001 Riohacha | B11: TOTAL | C11: 856 | D11: 498 | E11: 358 | F11: 0 | G11: 1 | H11: 2 | I11: 0 | J11: 17 | K11: 3 | L11: 0 | M11: 24 | N11: 10 | O11: 0 | P11: 12 | Q11: 8 | R11: 0 | S11: 0 | T11: 0 | U11: 0 | V11: 16 | W11: 17 | X11: 0 | Y11: 12 | Z11: 7 | AA11: 0 | AB11: 19 | AC11: 5 | AD11: 0 | AE11: 11 | AF11: 9 | AG11: 0 | AH11: 5 | AI11: 2 | AJ11: 0 | AK11: 5 | AL11: 4 | AM11: 0 | AN11: 18 | AO11: 9 | AP11: 0 | AQ11: 25 | AR11: 4 | AS11: 0 | AT11: 18 | AU11: 7 | AV11: 0 | AW11: 11 | AX11: 10 | AY11: 0 | AZ11: 19 | BA11: 10 | BB11: 0 | BC11: 11 | BD11: 9 | BE11: 0 | BF11: 17 | BG11: 11 | BH11: 0 | BI11: 21 | BJ11: 13 | BK11: 0 | BL11: 28 | BM11: 22 | BN11: 0 | BO11: 32 | BP11: 24 | BQ11: 0 | BR11: 34 | BS11: 34 | BT11: 0 | BU11: 32 | BV11: 26 | BW11: 0 | BX11: 34 | BY11: 34 | BZ11: 0 | CA11: 35 | CB11: 29 | CC11: 0 | CD11: 19 | CE11: 18 | CF11: 0 | CG11: 13 | CH11: 19 | CI11: 0 | CJ11: 6 | CK11: 10 | CL11: 0 | CM11: 3 | CN11: 2 | CO11: 0 | CP11: 0 | CQ11: 0 | CR11: 0
B12: Cabecera municipal | C12: 658 | D12: 390 | E12: 268 | F12: 0 | G12: 0 | H12: 1 | I12: 0 | J12: 9 | K12: 0 | L12: 0 | M12: 16 | N12: 6 | O12: 0 | P12: 8 | Q12: 5 | R12: 0 | S12: 0 | T12: 0 | U12: 0 | V12: 10 | W12: 9 | X12: 0 | Y12: 4 | Z12: 1 | AA12: 0 | AB12: 10 | AC12: 0 | AD12: 0 | AE12: 5 | AF12: 1 | AG12: 0 | AH12: 4 | AI12: 1 | AJ12: 0 | AK12: 2 | AL12: 4 | AM12: 0 | AN12: 15 | AO12: 6 | AP12: 0 | AQ12: 19 | AR12: 2 | AS12: 0 | AT12: 17 | AU12: 6 | AV12: 0 | AW12: 9 | AX12: 6 | AY12: 0 | AZ12: 18 | BA12: 8 | BB12: 0 | BC12: 7 | BD12: 8 | BE12: 0 | BF12: 15 | BG12: 9 | BH12: 0 | BI12: 20 | BJ12: 10 | BK12: 0 | BL12: 21 | BM12: 16 | BN12: 0 | BO12: 29 | BP12: 21 | BQ12: 0 | BR12: 31 | BS12: 30 | BT12: 0 | BU12: 29 | BV12: 21 | BW12: 0 | BX12: 25 | BY12: 30 | BZ12: 0 | CA12: 31 | CB12: 24 | CC12: 0 | CD12: 17 | CE12: 15 | CF12: 0 | CG12: 12 | CH12: 18 | CI12: 0 | CJ12: 6 | CK12: 9 | CL12: 0 | CM12: 1 | CN12: 1 | CO12: 0 | CP12: 0 | CQ12: 0 | CR12: 0
B13: Centro poblado | C13: 60 | D13: 37 | E13: 23 | F13: 0 | G13: 0 | H13: 1 | I13: 0 | J13: 3 | K13: 0 | L13: 0 | M13: 0 | N13: 1 | O13: 0 | P13: 0 | Q13: 0 | R13: 0 | S13: 0 | T13: 0 | U13: 0 | V13: 1 | W13: 0 | X13: 0 | Y13: 0 | Z13: 1 | AA13: 0 | AB13: 2 | AC13: 1 | AD13: 0 | AE13: 3 | AF13: 1 | AG13: 0 | AH13: 0 | AI13: 0 | AJ13: 0 | AK13: 2 | AL13: 0 | AM13: 0 | AN13: 2 | AO13: 0 | AP13: 0 | AQ13: 2 | AR13: 1 | AS13: 0 | AT13: 1 | AU13: 0 | AV13: 0 | AW13: 1 | AX13: 1 | AY13: 0 | AZ13: 1 | BA13: 2 | BB13: 0 | BC13: 2 | BD13: 1 | BE13: 0 | BF13: 0 | BG13: 0 | BH13: 0 | BI13: 1 | BJ13: 2 | BK13: 0 | BL13: 4 | BM13: 0 | BN13: 0 | BO13: 2 | BP13: 2 | BQ13: 0 | BR13: 2 | BS13: 0 | BT13: 0 | BU13: 1 | BV13: 3 | BW13: 0 | BX13: 4 | BY13: 0 | BZ13: 0 | CA13: 2 | CB13: 2 | CC13: 0 | CD13: 0 | CE13: 2 | CF13: 0 | CG13: 1 | CH13: 1 | CI13: 0 | CJ13: 0 | CK13: 1 | CL13: 0 | CM13: 0 | CN13: 0 | CO13: 0 | CP13: 0 | CQ13: 0 | CR13: 0
B14: Rural disperso | C14: 138 | D14: 71 | E14: 67 | F14: 0 | G14: 1 | H14: 0 | I14: 0 | J14: 5 | K14: 3 | L14: 0 | M14: 8 | N14: 3 | O14: 0 | P14: 4 | Q14: 3 | R14: 0 | S14: 0 | T14: 0 | U14: 0 | V14: 5 | W14: 8 | X14: 0 | Y14: 8 | Z14: 5 | AA14: 0 | AB14: 7 | AC14: 4 | AD14: 0 | AE14: 3 | AF14: 7 | AG14: 0 | AH14: 1 | AI14: 1 | AJ14: 0 | AK14: 1 | AL14: 0 | AM14: 0 | AN14: 1 | AO14: 3 | AP14: 0 | AQ14: 4 | AR14: 1 | AS14: 0 | AT14: 0 | AU14: 1 | AV14: 0 | AW14: 1 | AX14: 3 | AY14: 0 | AZ14: 0 | BA14: 0 | BB14: 0 | BC14: 2 | BD14: 0 | BE14: 0 | BF14: 2 | BG14: 2 | BH14: 0 | BI14: 0 | BJ14: 1 | BK14: 0 | BL14: 3 | BM14: 6 | BN14: 0 | BO14: 1 | BP14: 1 | BQ14: 0 | BR14: 1 | BS14: 4 | BT14: 0 | BU14: 2 | BV14: 2 | BW14: 0 | BX14: 5 | BY14: 4 | BZ14: 0 | CA14: 2 | CB14: 3 | CC14: 0 | CD14: 2 | CE14: 1 | CF14: 0 | CG14: 0 | CH14: 0 | CI14: 0 | CJ14: 0 | CK14: 0 | CL14: 0 | CM14: 2 | CN14: 1 | CO14: 0 | CP14: 0 | CQ14: 0 | CR14: 0
B15: Sin información | C15: 0 | D15: 0 | E15: 0 | F15: 0 | G15: 0 | H15: 0 | I15: 0 | J15: 0 | K15: 0 | L15: 0 | M15: 0 | N15: 0 | O15: 0 | P15: 0 | Q15: 0 | R15: 0 | S15: 0 | T15: 0 | U15: 0 | V15: 0 | W15: 0 | X15: 0 | Y15: 0 | Z15: 0 | AA15: 0 | AB15: 0 | AC15: 0 | AD15: 0 | AE15: 0 | AF15: 0 | AG15: 0 | AH15: 0 | AI15: 0 | AJ15: 0 | AK15: 0 | AL15: 0 | AM15: 0 | AN15: 0 | AO15: 0 | AP15: 0 | AQ15: 0 | AR15: 0 | AS15: 0 | AT15: 0 | AU15: 0 | AV15: 0 | AW15: 0 | AX15: 0 | AY15: 0 | AZ15: 0 | BA15: 0 | BB15: 0 | BC15: 0 | BD15: 0 | BE15: 0 | BF15: 0 | BG15: 0 | BH15: 0 | BI15: 0 | BJ15: 0 | BK15: 0 | BL15: 0 | BM15: 0 | BN15: 0 | BO15: 0 | BP15: 0 | BQ15: 0 | BR15: 0 | BS15: 0 | BT15: 0 | BU15: 0 | BV15: 0 | BW15: 0 | BX15: 0 | BY15: 0 | BZ15: 0 | CA15: 0 | CB15: 0 | CC15: 0 | CD15: 0 | CE15: 0 | CF15: 0 | CG15: 0 | CH15: 0 | CI15: 0 | CJ15: 0 | CK15: 0 | CL15: 0 | CM15: 0 | CN15: 0 | CO15: 0 | CP15: 0 | CQ15: 0 | CR15: 0
A17: Defunciones La Guajira | C17: =C6 -> 2759 | F17: Defunciones Guajira Hombres | I17: =D6 -> 1546
A18: Defunciones Riohacha | C18: =C11 -> 856 | F18: Defunciones Guajira Mujeres | I18: =E6 -> 1213
F20: Defunciones Hombres Riohacha | I20: =D11 -> 498
F21: Defunciones Mujeres Riohacha | I21: =E11 -> 358

Sheet TE2018
A1: Tasas Específicas de Mortalidad
I2: n | J2: 10000
M3: La Guajira
B4: La Guajira - Riohacha | G4: Riohacha | M4: Población Total | O4: 0 | P4: 1 a 4 | Q4: 5 a 9 | R4: 10 a 14 | S4: 15 a 19 | T4: 20 a 24 | U4: 25 a 29 | V4: 30 a 34 | W4: 35 a 39 | X4: 40 a 44 | Y4: 45 a 49 | Z4: 50 a 54 | AA4: 55 a 59 | AB4: 60 a 64 | AC4: 65 a 69 | AD4: 70 a 74 | AE4: 75 a 79 | AF4: 80 a 84 | AG4: 85 a 89 | AH4: 90 a 94 | AI4: 94 a 99 | AJ4: 100 o más
G5: Defunciones | H5: Población Total | I5: TEM | O5: =SUM(E6,E141,E269,E393,E525,E645,E769,E893,E1015,E1129,E1272,E1402,E1539,E1679,E1803) -> 17784 | P5: =SUM(E7:E10,E142:E145,E270:E273,E394:E397,E526:E529,E646:E649,E770:E773,E894:E897,E1016:E1019,E1130:E1133,E1273:E1276,E1403:E1406,E1540:E1543,E1680:E1683,E1804:E1807) -> 79680 | Q5: =SUM(E17,E152,E280,E404,E536,E656,E780,E904,E1026,E1140,E1283,E1413,E1550,E1690,E1814) -> 98818 | R5: =SUM(E23,E158,E286,E410,E542,E662,E786,E910,E1032,E1146,E1289,E1419,E1556,E1696,E1820) -> 90547 | S5: =SUM(E29,E164,E292,E416,E548,E668,E792,E916,E1038,E1152,E1295,E1425,E1562,E1702,E1826) -> 87425 | T5: =SUM(E35,E170,E298,E422,E554,E674,E798,E922,E1044,E1158,E1301,E1431,E1568,E1708,E1832) -> 77426 | U5: =SUM(E41,E176,E304,E428,E560,E680,E804,E928,E1050,E1164,E1307,E1437,E1574,E1714,E1838) -> 66200 | V5: =SUM(E47,E182,E310,E434,E566,E686,E810,E934,E1056,E1170,E1313,E1443,E1580,E1720,E1844) -> 58628 | W5: =SUM(E53,E188,E316,E440,E572,E692,E816,E940,E1062,E1176,E1319,E1449,E1586,E1726,E1850) -> 52083 | X5: =SUM(E59,E194,E322,E446,E578,E698,E822,E946,E1068,E1182,E1325,E1455,E1592,E1732,E1856) -> 41659 | Y5: =SUM(E65,E200,E328,E452,E584,E704,E828,E952,E1074,E1188,E1331,E1461,E1598,E1738,E1862) -> 35856 | Z5: =SUM(E71,E206,E334,E458,E590,E710,E834,E958,E1080,E1194,E1337,E1467,E1604,E1744,E1868) -> 31199 | AA5: =SUM(E77,E212,E340,E464,E596,E716,E840,E964,E1086,E1194,E1337,E1473,E1610,E1750,E1874) -> 28693 | AB5: =SUM(E83,E218,E346,E470,E602,E722,E846,E1092,E1206,E1349,E1479,E1616,E1756,E1880) -> 18965 | AC5: =SUM(E89,E224,E352,E476,E608,E728,E852,E976,E1098,E1212,E1355,E1485,E1622,E1762,E1886) -> 14884 | AD5: =SUM(E95,E230,E358,E482,E614,E734,E858,E982,E1104,E1218,E1361,E1491,E1628,E1768,E1892) -> 10026 | AE5: =SUM(E101,E236,E364,E488,E620,E740,E864,E988,E1110,E1224,E1367,E1497,E1634,E1774,E1898) -> 7352 | AF5: =SUM(E107,E242,E370,E494,E626,E746,E870,E994,E1116,E1230,E1373,E1503,E1640,E1780,E1904) -> 4340 | AG5: =SUM(E113,E248,E376,E500,E632,E752,E876,E1000,E1122,E1236,E1379,E1509,E1646,E1786,E1910) -> 2595 | AH5: =SUM(E119,E254,E382,E506,E638,E758,E882,E1005,E1126,E1242,E1385,E1515,E1652,E1792,E1916) -> 1184 | AI5: =SUM(E125,E259,E388,E511,E644,E764,E888,E1011,E1128,E1248,E1391,E1521,E1658,E1797,E1922) -> 510 | AJ5: =SUM(E131,E134,E138,E140,E262,E264,E266,E268,E516,E518,E521,E524,E892,E1014,E1254,E1259,E1264,E1268,E1271,E1395,E1399,E1401,E1526,E1529,E1534,E1536,E1538,E1664,E1669,E1673,E1676,E1678,E1800,E1802,E1925,E1927) -> 217
A6: 44_La Guajira | B6: 44001_Riohacha | C6: 0 a 4 | D6: 0 | E6: 3970 | G6: =SUM('DF2018'!G11:AA11) -> 129 | H6: =E6 -> 3970 | I6: =J2*G6/H6 -> 324.93703 | M6: =SUM('DF2018'!G6:AA6) -> 399 | N6: =O5 -> 17784 | O6: =J2*M6/N6 -> 224.35897
D7: 1 | E7: 4108 | G7: =SUM('DF2018'!AB11:AG11) -> 44 | H7: =SUM(E7:E10) -> 16486 | I7: =J2*G7/H7 -> 26.689312 | M7: =SUM('DF2018'!AB6:AG6) -> 132 | N7: =P5 -> 79680 | O7: =J2*M7/N7 -> 16.566265
D8: 2 | E8: 4216
D9: 3 | E9: 4207 | T9: GRÁFICOS
D10: 4 | E10: 3955
D11: Total grupo edad | E11: 20456
C12: 5 a 9 | D12: 5 | E12: 4051 | G12: =SUM('DF2018'!AH11:AJ11) -> 7 | H12: =E17 -> 20231 | I12: =J2*G12/H12 -> 3.4600366 | M12: =SUM('DF2018'!AH6:AJ6) -> 30 | N12: =Q5 -> 98818 | O12: =M12*J2/N12 -> 3.0358842
D13: 6 | E13: 4235
D14: 7 | E14: 4042
D15: 8 | E15: 3944
D16: 9 | E16: 3959
D17: Total grupo edad | E17: 20231
C18: 10 a 14 | D18: 10 | E18: 3849 | G18: =SUM('DF2018'!AK11:AM11) -> 9 | H18: =E23 -> 18438 | I18: =J2*G18/H18 -> 4.8812236 | M18: =SUM('DF2018'!AK6:AM6) -> 30 | N18: =R5 -> 90547 | O18: =M18*J2/N18 -> 3.3131965
D19: 11 | E19: 3874
D20: 12 | E20: 3576
D21: 13 | E21: 3631
D22: 14 | E22: 3508
D23: Total grupo edad | E23: 18438
C24: 15 a 19 | D24: 15 | E24: 3445 | G24: =SUM('DF2018'!AN11:AP11) -> 27 | H24: =E29 -> 17906 | I24: =J2*G24/H24 -> 15.078745 | M24: =SUM('DF2018'!AN6:AP6) -> 72 | N24: =S5 -> 87425 | O24: =J2*M24/N24 -> 8.2356305
D25: 16 | E25: 3358
D26: 17 | E26: 3599
D27: 18 | E27: 3959
D28: 19 | E28: 3545
D29: Total grupo edad | E29: 17906
C30: 20 a 24 | D30: 20 | E30: 3488 | G30: =SUM('DF2018'!AQ11:AS11) -> 29 | H30: =E35 -> 16823 | I30: =J2*G30/H30 -> 17.238305 | M30: =SUM('DF2018'!AQ6:AS6) -> 85 | N30: =T5 -> 77426 | O30: =M30*J2/N30 -> 10.978224
D31: 21 | E31: 3233
D32: 22 | E32: 3448
D33: 23 | E33: 3440
D34: 24 | E34: 3214
D35: Total grupo edad | E35: 16823
C36: 25 a 29 | D36: 25 | E36: 3226 | G36: =SUM('DF2018'!AT11:AV11) -> 25 | H36: =E41 -> 15035 | I36: =J2*G36/H36 -> 16.627868 | M36: =SUM('DF2018'!AT6:AV6) -> 95 | N36: =U5 -> 66200 | O36: =J2*M36/N36 -> 14.350453
D37: 26 | E37: 3105
D38: 27 | E38: 2945
D39: 28 | E39: 2863
D40: 29 | E40: 2896
D41: Total grupo edad | E41: 15035
C42: 30 a 34 | D42: 30 | E42: 2889 | G42: =SUM('DF2018'!AW11:AY11) -> 21 | H42: =E47 -> 13352 | I42: =J2*G42/H42 -> 15.727981 | M42: =SUM('DF2018'!AW6:AY6) -> 84 | N42: =V5 -> 58628 | O42: =M42*J2/N42 -> 14.327625
D43: 31 | E43: 2593
D44: 32 | E44: 2629
D45: 33 | E45: 2672
D46: 34 | E46: 2569
D47: Total grupo edad | E47: 13352
C48: 35 a 39 | D48: 35 | E48: 2730 | G48: =SUM('DF2018'!AZ11:BB11) -> 29 | H48: =E53 -> 12170 | I48: =J2*G48/H48 -> 23.829088 | M48: =SUM('DF2018'!AZ6:BB6) -> 97 | N48: =W5 -> 52083 | O48: =M48*J2/N48 -> 18.624119
D49: 36 | E49: 2547
D50: 37 | E50: 2315
D51: 38 | E51: 2349
D52: 39 | E52: 2229
D53: Total grupo edad | E53: 12170
C54: 40 a 44 | D54: 40 | E54: 2134 | G54: =SUM('DF2018'!BC11:BE11) -> 20 | H54: =E59 -> 9315 | I54: =J2*G54/H54 -> 21.470746 | M54: =SUM('DF2018'!BC6:BE6) -> 92 | N54: =X5 -> 41659 | O54: =M54*J2/N54 -> 22.084063
D55: 41 | E55: 1893
D56: 42 | E56: 1881
D57: 43 | E57: 1775
D58: 44 | E58: 1632
D59: Total grupo edad | E59: 9315
C60: 45 a 49 | D60: 45 | E60: 1775 | G60: =SUM('DF2018'!BF11:BH11) -> 28 | H60: =E65 -> 8165 | I60: =J2*G60/H60 -> 34.292713 | M60: =SUM('DF2018'!BF6:BH6) -> 90 | N60: =Y5 -> 35856 | O60: =M60*J2/N60 -> 25.100402
D61: 46 | E61: 1566
D62: 47 | E62: 1622
D63: 48 | E63: 1659
D64: 49 | E64: 1543
D65: Total grupo edad | E65: 8165
C66: 50 a 54 | D66: 50 | E66: 1519 | G66: =SUM('DF2018'!BI11:BK11) -> 34 | H66: =E71 -> 7092 | I66: =J2*G66/H66 -> 47.941342 | M66: =SUM('DF2018'!BI6:BK6) -> 118 | N66: =Z5 -> 31199 | O66: =M66*J2/N66 -> 37.821725
D67: 51 | E67: 1432
D68: 52 | E68: 1432
D69: 53 | E69: 1393
D70: 54 | E70: 1316
D71: Total grupo edad | E71: 7092
C72: 55 a 59 | D72: 55 | E72: 1371 | G72: =SUM('DF2018'!BL11:BN11) -> 50 | H72: =E77 -> 6076 | I72: =J2*G72/H72 -> 82.290981 | M72: =SUM('DF2018'!BL6:BN6) -> 153 | N72: =AA5 -> 28693 | O72: =M72*J2/N72 -> 53.32311
D73: 56 | E73: 1214
D74: 57 | E74: 1218
D75: 58 | E75: 1201
D76: 59 | E76: 1072
D77: Total grupo edad | E77: 6076
C78: 60 a 64 | D78: 60 | E78: 1161 | G78: =SUM('DF2018'!BO11:BQ11) -> 56 | H78: =E83 -> 4541 | I78: =J2*G78/H78 -> 123.32085 | M78: =SUM('DF2018'!BO6:BQ6) -> 163 | N78: =AB5 -> 18965 | O78: =M78*J2/N78 -> 85.947799
D79: 61 | E79: 940
D80: 62 | E80: 875
D81: 63 | E81: 878
D82: 64 | E82: 687
D83: Total grupo edad | E83: 4541
C84: 65 a 69 | D84: 65 | E84: 708 | G84: =SUM('DF2018'!BR11:BT11) -> 68 | H84: =E89 -> 2986 | I84: =J2*G84/H84 -> 227.7294 | M84: =SUM('DF2018'!BR6:BT6) -> 196 | N84: =AC5 -> 14884 | O84: =M84*J2/N84 -> 131.68503
D85: 66 | E85: 648
D86: 67 | E86: 617
D87: 68 | E87: 590
D88: 69 | E88: 423
D89: Total grupo edad | E89: 2986
C90: 70 a 74 | D90: 70 | E90: 556 | G90: =SUM('DF2018'!BU11:BW11) -> 58 | H90: =E95 -> 2027 | I90: =J2*G90/H90 -> 286.13715 | M90: =SUM('DF2018'!BU6:BW6) -> 176 | N90: =AD5 -> 10026 | O90: =M90*J2/N90 -> 175.54359
D91: 71 | E91: 402
D92: 72 | E92: 377
D93: 73 | E93: 367
D94: 74 | E94: 325
D95: Total grupo edad | E95: 2027
C96: 75 a 79 | D96: 75 | E96: 286 | G96: =SUM('DF2018'!BX11:BZ11) -> 68 | H96: =E101 -> 1352 | I96: =J2*G96/H96 -> 502.95858 | M96: =SUM('DF2018'!BX6:BZ6) -> 199 | N96: =AE5 -> 7352 | O96: =M96*J2/N96 -> 270.67465
D97: 76 | E97: 247
D98: 77 | E98: 311
D99: 78 | E99: 280
D100: 79 | E100: 228
...

Sheet Causas Mortalidad 2018
B2: TOTAL | C2: Total | H2: TOTAL | I2: Total | N2: La guajira | P2: Total | T2: Riohacha | V2: Total
C3: TOTAL | D3: Hombres | E3: Mujeres | I3: TOTAL | J3: Hombres | K3: Mujeres | P3: TOTAL | Q3: Hombres | R3: Mujeres | V3: TOTAL | W3: Hombres | X3: Mujeres
A4: TOTAL | B4: TOTAL | C4: 2759 | D4: 1546 | E4: 1213 | G4: TOTAL | H4: TOTAL | I4: 856 | J4: 498 | K4: 358 | N4: TOTAL | O4: TOTAL | P4: =C4 -> 2759 | Q4: =D4 -> 1546 | R4: =E4 -> 1213 | T4: TOTAL | U4: TOTAL | V4: =I4 -> 856 | W4: =J4 -> 498 | X4: =K4 -> 358
B5: 101 Enfermedades infecciosas intestinales | C5: 43 | D5: 27 | E5: 16 | H5: 101 Enfermedades infecciosas intestinales | I5: 10 | J5: 8 | K5: 2 | O5: 101 Enfermedades infecciosas intestinales | P5: =C5/$C$4 -> 0.015585357 | Q5: =D5/$D$4 -> 0.017464424 | R5: =E5/$E$4 -> 0.013190437 | U5: 101 Enfermedades infecciosas intestinales | V5: =I5/$I$4 -> 0.011682243 | W5: =J5/$J$4 -> 0.016064257 | X5: =K5/$K$4 -> 0.0055865922
B6: 102 Tuberculosis | C6: 50 | D6: 26 | E6: 24 | H6: 102 Tuberculosis | I6: 13 | J6: 7 | K6: 6 | O6: 102 Tuberculosis | P6: =C6/$C$4 -> 0.018122508 | Q6: =D6/$D$4 -> 0.016817594 | R6: =E6/$E$4 -> 0.019785655 | U6: 102 Tuberculosis | V6: =I6/$I$4 -> 0.015186916 | W6: =J6/$J$4 -> 0.014056225 | X6: =K6/$K$4 -> 0.016759777
B7: 103 Ciertas enfermedades transmisibles por vectores y rabia | C7: 8 | D7: 3 | E7: 5 | H7: 103 Ciertas enfermedades transmisibles por vectores y rabia | I7: 7 | J7: 2 | K7: 5 | O7: 103 Ciertas enfermedades transmisibles por vectores y rabia | P7: =C7/$C$4 -> 0.0028996013 | Q7: =D7/$D$4 -> 0.0019404916 | R7: =E7/$E$4 -> 0.0041220115 | U7: 103 Ciertas enfermedades transmisibles por vectores y rabia | V7: =I7/$I$4 -> 0.0081775701 | W7: =J7/$J$4 -> 0.0040160643 | X7: =K7/$K$4 -> 0.01396648
B8: 104 Ciertas enfermedades inmunoprevenibles | C8: 2 | D8: 2 | E8: 0 | H8: 104 Ciertas enfermedades inmunoprevenibles | I8: 1 | J8: 1 | K8: 0 | O8: 104 Ciertas enfermedades inmunoprevenibles | P8: =C8/$C$4 -> 0.00072490033 | Q8: =D8/$D$4 -> 0.0012936611 | R8: =E8/$E$4 -> 0 | U8: 104 Ciertas enfermedades inmunoprevenibles | V8: =I8/$I$4 -> 0.0011682243 | W8: =J8/$J$4 -> 0.0020080321 | X8: =K8/$K$4 -> 0
B9: 105 Meningitis | C9: 13 | D9: 7 | E9: 6 | H9: 105 Meningitis | I9: 4 | J9: 2 | K9: 2 | O9: 105 Meningitis | P9: =C9/$C$4 -> 0.0047118521 | Q9: =D9/$D$4 -> 0.0045278137 | R9: =E9/$E$4 -> 0.0049464138 | U9: 105 Meningitis | V9: =I9/$I$4 -> 0.0046728972 | W9: =J9/$J$4 -> 0.0040160643 | X9: =K9/$K$4 -> 0.0055865922
B10: 106 Septicemia, excepto neonatal | C10: 23 | D10: 13 | E10: 10 | H10: 106 Septicemia, excepto neonatal | I10: 13 | J10: 5 | K10: 8 | O10: 106 Septicemia, excepto neonatal | P10: =C10/$C$4 -> 0.0083363538 | Q10: =D10/$D$4 -> 0.0084087969 | R10: =E10/$E$4 -> 0.0082440231 | U10: 106 Septicemia, excepto neonatal | V10: =I10/$I$4 -> 0.015186916 | W10: =J10/$J$4 -> 0.010040161 | X10: =K10/$K$4 -> 0.022346369
B11: 107 Enfermedad por el VIH (SIDA) | C11: 41 | D11: 26 | E11: 15 | H11: 107 Enfermedad por el VIH (SIDA) | I11: 14 | J11: 8 | K11: 6 | O11: 107 Enfermedad por el VIH (SIDA) | P11: =C11/$C$4 -> 0.014860457 | Q11: =D11/$D$4 -> 0.016817594 | R11: =E11/$E$4 -> 0.012366035 | U11: 107 Enfermedad por el VIH (SIDA) | V11: =I11/$I$4 -> 0.01635514 | W11: =J11/$J$4 -> 0.016064257 | X11: =K11/$K$4 -> 0.016759777
A12: La guajira | B12: 108 Infecciones respiratorias agudas | C12: 187 | D12: 99 | E12: 88 | G12: Riohacha | H12: 108 Infecciones respiratorias agudas | I12: 61 | J12: 29 | K12: 32 | O12: 108 Infecciones respiratorias agudas | P12: =C12/$C$4 -> 0.067778181 | Q12: =D12/$D$4 -> 0.064036223 | R12: =E12/$E$4 -> 0.072547403 | U12: 108 Infecciones respiratorias agudas | V12: =I12/$I$4 -> 0.071261682 | W12: =J12/$J$4 -> 0.058232932 | X12: =K12/$K$4 -> 0.089385475
B13: 109 Resto de ciertas enfermedades infecciosas y parasitarias | C13: 23 | D13: 10 | E13: 13 | H13: 109 Resto de ciertas enfermedades infecciosas y parasitarias | I13: 9 | J13: 5 | K13: 4 | O13: 109 Resto de ciertas enfermedades infecciosas y parasitarias | P13: =C13/$C$4 -> 0.0083363538 | Q13: =D13/$D$4 -> 0.0064683053 | R13: =E13/$E$4 -> 0.01071723 | U13: 109 Resto de ciertas enfermedades infecciosas y parasitarias | V13: =I13/$I$4 -> 0.010514019 | W13: =J13/$J$4 -> 0.010040161 | X13: =K13/$K$4 -> 0.011173184
B14: 201 Tumor maligno del estómago | C14: 26 | D14: 19 | E14: 7 | H14: 201 Tumor maligno del estómago | I14: 8 | J14: 4 | K14: 4 | O14: 201 Tumor maligno del estómago | P14: =C14/$C$4 -> 0.0094237042 | Q14: =D14/$D$4 -> 0.01228978 | R14: =E14/$E$4 -> 0.0057708162 | U14: 201 Tumor maligno del estómago | V14: =I14/$I$4 -> 0.0093457944 | W14: =J14/$J$4 -> 0.0080321285 | X14: =K14/$K$4 -> 0.011173184
B15: 202 Tumor maligno del colon y de la unión rectosigmoidea | C15: 14 | D15: 9 | E15: 5 | H15: 202 Tumor maligno del colon y de la unión rectosigmoidea | I15: 3 | J15: 2 | K15: 1 | O15: 202 Tumor maligno del colon y de la unión rectosigmoidea | P15: =C15/$C$4 -> 0.0050743023 | Q15: =D15/$D$4 -> 0.0058214748 | R15: =E15/$E$4 -> 0.0041220115 | U15: 202 Tumor maligno del colon y de la unión rectosigmoidea | V15: =I15/$I$4 -> 0.0035046729 | W15: =J15/$J$4 -> 0.0040160643 | X15: =K15/$K$4 -> 0.0027932961
B16: 203 Tumor maligno de los órganos digestivos y del peritoneo excepto estómago y colon | C16: 52 | D16: 23 | E16: 29 | H16: 203 Tumor maligno de los órganos digestivos y del peritoneo excepto estómago y colon | I16: 21 | J16: 10 | K16: 11 | O16: 203 Tumor maligno de los órganos digestivos y del peritoneo excepto estómago y colon | P16: =C16/$C$4 -> 0.018847408 | Q16: =D16/$D$4 -> 0.014877102 | R16: =E16/$E$4 -> 0.023907667 | U16: 203 Tumor maligno de los órganos digestivos y del peritoneo excepto estómago y colon | V16: =I16/$I$4 -> 0.02453271 | W16: =J16/$J$4 -> 0.020080321 | X16: =K16/$K$4 -> 0.030726257
B17: 204 Tumor maligno de la tráquea, los bronquios y el pulmón | C17: 48 | D17: 26 | E17: 22 | H17: 204 Tumor maligno de la tráquea, los bronquios y el pulmón | I17: 16 | J17: 8 | K17: 8 | O17: 204 Tumor maligno de la tráquea, los bronquios y el pulmón | P17: =C17/$C$4 -> 0.017397608 | Q17: =D17/$D$4 -> 0.016817594 | R17: =E17/$E$4 -> 0.018136851 | U17: 204 Tumor maligno de la tráquea, los bronquios y el pulmón | V17: =I17/$I$4 -> 0.018691589 | W17: =J17/$J$4 -> 0.016064257 | X17: =K17/$K$4 -> 0.022346369
B18: 205 Tumor maligno de los órganos respiratorios e intratorácicos, excepto tráquea, bronquios y pulmón | C18: 6 | D18: 4 | E18: 2 | H18: 205 Tumor maligno de los órganos respiratorios e intratorácicos, excepto tráquea, bronquios y pulmón | I18: 2 | J18: 2 | K18: 0 | O18: 205 Tumor maligno de los órganos respiratorios e intratorácicos, excepto tráquea, bronquios y pulmón | P18: =C18/$C$4 -> 0.002174701 | Q18: =D18/$D$4 -> 0.0025873221 | R18: =E18/$E$4 -> 0.0016488046 | U18: 205 Tumor maligno de los órganos respiratorios e intratorácicos, excepto tráquea, bronquios y pulmón | V18: =I18/$I$4 -> 0.0023364486 | W18: =J18/$J$4 -> 0.0040160643 | X18: =K18/$K$4 -> 0
B19: 206 Tumor maligno de la mama de la mujer | C19: 34 | D19: 0 | E19: 34 | H19: 206 Tumor maligno de la mama de la mujer | I19: 10 | J19: 0 | K19: 10 | O19: 206 Tumor maligno de la mama de la mujer | P19: =C19/$C$4 -> 0.012323306 | Q19: =D19/$D$4 -> 0 | R19: =E19/$E$4 -> 0.028029678 | U19: 206 Tumor maligno de la mama de la mujer | V19: =I19/$I$4 -> 0.011682243 | W19: =J19/$J$4 -> 0 | X19: =K19/$K$4 -> 0.027932961
B20: 207 Tumor maligno del cuello del útero | C20: 30 | D20: 0 | E20: 30 | H20: 207 Tumor maligno del cuello del útero | I20: 9 | J20: 0 | K20: 9 | O20: 207 Tumor maligno del cuello del útero | P20: =C20/$C$4 -> 0.010873505 | Q20: =D20/$D$4 -> 0 | R20: =E20/$E$4 -> 0.024732069 | U20: 207 Tumor maligno del cuello del útero | V20: =I20/$I$4 -> 0.010514019 | W20: =J20/$J$4 -> 0 | X20: =K20/$K$4 -> 0.025139665
B21: 209 Tumor maligno del útero, parte no especificada | C21: 2 | D21: 0 | E21: 2 | H21: 209 Tumor maligno del útero, parte no especificada | I21: 1 | J21: 0 | K21: 1 | O21: 209 Tumor maligno del útero, parte no especificada | P21: =C21/$C$4 -> 0.00072490033 | Q21: =D21/$D$4 -> 0 | R21: =E21/$E$4 -> 0.0016488046 | U21: 209 Tumor maligno del útero, parte no especificada | V21: =I21/$I$4 -> 0.0011682243 | W21: =J21/$J$4 -> 0 | X21: =K21/$K$4 -> 0.0027932961
B22: 210 Tumor maligno de la próstata | C22: 47 | D22: 47 | E22: 0 | H22: 210 Tumor maligno de la próstata | I22: 13 | J22: 13 | K22: 0 | O22: 210 Tumor maligno de la próstata | P22: =C22/$C$4 -> 0.017035158 | Q22: =D22/$D$4 -> 0.030401035 | R22: =E22/$E$4 -> 0 | U22: 210 Tumor maligno de la próstata | V22: =I22/$I$4 -> 0.015186916 | W22: =J22/$J$4 -> 0.026104418 | X22: =K22/$K$4 -> 0
B23: 211 Tumor maligno de otros órganos genitourinarios | C23: 13 | D23: 3 | E23: 10 | H23: 211 Tumor maligno de otros órganos genitourinarios | I23: 4 | J23: 0 | K23: 4 | O23: 211 Tumor maligno de otros órganos genitourinarios | P23: =C23/$C$4 -> 0.0047118521 | Q23: =D23/$D$4 -> 0.0019404916 | R23: =E23/$E$4 -> 0.0082440231 | U23: 211 Tumor maligno de otros órganos genitourinarios | V23: =I23/$I$4 -> 0.0046728972 | W23: =J23/$J$4 -> 0 | X23: =K23/$K$4 -> 0.011173184
B24: 212 Leucemia | C24: 19 | D24: 9 | E24: 10 | H24: 212 Leucemia | I24: 7 | J24: 4 | K24: 3 | O24: 212 Leucemia | P24: =C24/$C$4 -> 0.0068865531 | Q24: =D24/$D$4 -> 0.0058214748 | R24: =E24/$E$4 -> 0.0082440231 | U24: 212 Leucemia | V24: =I24/$I$4 -> 0.0081775701 | W24: =J24/$J$4 -> 0.0080321285 | X24: =K24/$K$4 -> 0.0083798883
... B63: 612 Embarazo, parto y puerperio | C63: 25 | D63: 0 | E63: 25 | H63: 700 Signos, síntomas y afecciones mal definidas | I63: 38 | J63: 21 | K63: 17 | O63: 612 Embarazo, parto y puerperio | P63: =C63/$C$4 -> 0.0090612541 | Q63: =D63/$D$4 -> 0 | R63: =E63/$E$4 -> 0.020610058 | U63: 700 Signos, síntomas y afecciones mal definidas | V63: =I63/$I$4 -> 0.044392523 | W63: =J63/$J$4 -> 0.042168675 | X63: =K63/$K$4 -> 0.047486034
B64: 613 Malformaciones congénitas, deformidades y anomalías cromosómicas | C64: 71 | D64: 36 | E64: 35 | O64: 613 Malformaciones congénitas, deformidades y anomalías cromosómicas | P64: =C64/$C$4 -> 0.025733962 | Q64: =D64/$D$4 -> 0.023285899 | R64: =E64/$E$4 -> 0.028854081
B65: 614 Resto de las enfermedades | C65: 68 | D65: 33 | E65: 35 | O65: 614 Resto de las enfermedades | P65: =C65/$C$4 -> 0.024646611 | Q65: =D65/$D$4 -> 0.021345408 | R65: =E65/$E$4 -> 0.028854081
B66: 700 Signos, síntomas y afecciones mal definidas | C66: 88 | D66: 51 | E66: 37 | O66: 700 Signos, síntomas y afecciones mal definidas | P66: =C66/$C$4 -> 0.031895614 | Q66: =D66/$D$4 -> 0.032988357 | R66: =E66/$E$4 -> 0.030502885

Sheet Causas Mortalidad 2005
A1: Lugar de Ocurrencia Mortalidad por Causa La Guajira
A3: Causas de Muerte en La Guajira | B3: TOTAL
B4: TOTAL | C4: Hombres | D4: Mujeres
A5: TOTAL | B5: 475 | C5: 409 | D5: 66 | G5: Total | H5: Hombres | I5: Mujeres
A6: 501 ACC. TRANSPORTE TERRESTRE, INCLUSIVE SECUELAS | B6: 81 | C6: 54 | D6: 27 | F6: 501 ACC. TRANSPORTE TERRESTRE, INCLUSIVE SECUELAS | G6: =B6/B5 -> 0.17052632 | H6: =C6/$C$5 -> 0.13202934 | I6: =D6/$D$5 -> 0.40909091
A7: 502 OTROS ACC. TRANSPORTE Y LOS NO ESP., INCLUSIVE SECUELAS | B7: 1 | C7: 1 | F7: 502 OTROS ACC. TRANSPORTE Y LOS NO ESP., INCLUSIVE SECUELAS | G7: =B7/$B$5 -> 0.0021052632 | H7: =C7/$C$5 -> 0.0024449878
A8: 503 CAIDAS | B8: 1 | C8: 1 | F8: 503 CAIDAS | G8: =B8/$B$5 -> 0.0021052632 | H8: =C8/$C$5 -> 0.0024449878
A9: 505 ACC. CAUSADOS POR DISPARO DE ARMAS DE FUEGO | B9: 1 | C9: 1 | F9: 505 ACC. CAUSADOS POR DISPARO DE ARMAS DE FUEGO | G9: =B9/$B$5 -> 0.0021052632 | H9: =C9/$C$5 -> 0.0024449878
A10: 506 AHOGAMIENTO Y SUMERSION ACCIDENTALES | B10: 10 | C10: 10 | F10: 506 AHOGAMIENTO Y SUMERSION ACCIDENTALES | G10: =B10/$B$5 -> 0.021052632 | H10: =C10/$C$5 -> 0.024449878
A11: 507 EXPOSICION AL HUMO, FUEGO Y LLAMAS | B11: 2 | C11: 1 | D11: 1 | F11: 507 EXPOSICION AL HUMO, FUEGO Y LLAMAS | G11: =B11/$B$5 -> 0.0042105263 | H11: =C11/$C$5 -> 0.0024449878 | I11: =D11/$D$5 -> 0.015151515
A12: 508 ENVENENAMIENTO. ACC. POR, Y EXPOSICION A SUSTANC.NOCIVAS | B12: 1 | D12: 1 | F12: 508 ENVENENAMIENTO. ACC. POR, Y EXPOSICION A SUSTANC.NOCIVAS | G12: =B12/$B$5 -> 0.0021052632 | I12: =D12/$D$5 -> 0.015151515
A13: 510 OTROS ACCIDENTES, INCLUSIVE SECUELAS | B13: 25 | C13: 20 | D13: 5 | F13: 510 OTROS ACCIDENTES, INCLUSIVE SECUELAS | G13: =B13/$B$5 -> 0.052631579 | H13: =C13/$C$5 -> 0.048899756 | I13: =D13/$D$5 -> 0.075757576
A14: 511 LESIONES AUTOINFLIGIDAS INTENC.(SUICIDIOS), INCL. SECUELAS | B14: 15 | C14: 13 | D14: 2 | F14: 511 LESIONES AUTOINFLIGIDAS INTENC.(SUICIDIOS), INCL. SECUELAS | G14: =B14/$B$5 -> 0.031578947 | H14: =C14/$C$5 -> 0.031784841 | I14: =D14/$D$5 -> 0.03030303
A15: 512 AGRESIONES (HOMICIDIOS), INCLUSIVE SECUELAS | B15: 335 | C15: 306 | D15: 29 | F15: 512 AGRESIONES (HOMICIDIOS), INCLUSIVE SECUELAS | G15: =B15/$B$5 -> 0.70526316 | H15: =C15/$C$5 -> 0.74816626 | I15: =D15/$D$5 -> 0.43939394
A16: 514 EVENTOS DE INTENCION NO DETERMINADA, INCL. SECUELAS | B16: 3 | C16: 2 | D16: 1 | F16: 514 EVENTOS DE INTENCION NO DETERMINADA, INCL. SECUELAS | G16: =B16/$B$5 -> 0.0063157895 | H16: =C16/$C$5 -> 0.0048899756 | I16: =D16/$D$5 -> 0.015151515
G17: =SUM(G6:G16) -> 1 | H17: =SUM(H6:H16) -> 1 | I17: =SUM(I6:I16) -> 1
A22: Lugar de Ocurrencia Mortalidad por Causa Riohacha
A25: LISTA 6/67 CIE 10 DE OPS | B25: TOTAL | C25: TOTAL
C26: Hombres | D26: Mujeres | F26: TOTAL | G26: TOTAL | H26: Hombres | I26: Mujeres
A27: TOTAL | B27: 147 | C27: 129 | D27: 18
A28: 501 ACC. TRANSPORTE TERRESTRE, INCLUSIVE SECUELAS | B28: 34 | C28: 24 | D28: 10 | F28: 501 ACC. TRANSPORTE TERRESTRE, INCLUSIVE SECUELAS | G28: =B28/$B$27 -> 0.23129252 | H28: =C28/$C$27 -> 0.18604651 | I28: =D28/$D$27 -> 0.55555556
A29: 503 CAIDAS | B29: 1 | C29: 1 | D29: . | F29: 503 CAIDAS | G29: =B29/$B$27 -> 0.0068027211 | H29: =C29/$C$27 -> 0.007751938
A30: 506 AHOGAMIENTO Y SUMERSION ACCIDENTALES | B30: 2 | C30: 2 | D30: . | F30: 506 AHOGAMIENTO Y SUMERSION ACCIDENTALES | G30: =B30/$B$27 -> 0.013605442 | H30: =C30/$C$27 -> 0.015503876
A31: 507 EXPOSICION AL HUMO, FUEGO Y LLAMAS | B31: 1 | C31: 1 | D31: . | F31: 507 EXPOSICION AL HUMO, FUEGO Y LLAMAS | G31: =B31/$B$27 -> 0.0068027211 | H31: =C31/$C$27 -> 0.007751938
A32: 510 OTROS ACCIDENTES, INCLUSIVE SECUELAS | B32: 5 | C32: 4 | D32: 1 | F32: 510 OTROS ACCIDENTES, INCLUSIVE SECUELAS | G32: =B32/$B$27 -> 0.034013605 | H32: =C32/$C$27 -> 0.031007752 | I32: =D32/$D$27 -> 0.055555556
A33: 511 LESIONES AUTOINFLIGIDAS INTENC.(SUICIDIOS), INCL. SECUELAS | B33: 3 | C33: 2 | D33: 1 | F33: 511 LESIONES AUTOINFLIGIDAS INTENC.(SUICIDIOS), INCL. SECUELAS | G33: =B33/$B$27 -> 0.020408163 | H33: =C33/$C$27 -> 0.015503876 | I33: =D33/$D$27 -> 0.055555556
A34: 512 AGRESIONES (HOMICIDIOS), INCLUSIVE SECUELAS | B34: 99 | C34: 94 | D34: 5 | F34: 512 AGRESIONES (HOMICIDIOS), INCLUSIVE SECUELAS | G34: =B34/$B$27 -> 0.67346939 | H34: =C34/$C$27 -> 0.72868217 | I34: =D34/$D$27 -> 0.27777778
A35: 514 EVENTOS DE INTENCION NO DETERMINADA, INCL. SECUELAS | B35: 2 | C35: 1 | D35: 1 | F35: 514 EVENTOS DE INTENCION NO DETERMINADA, INCL. SECUELAS | G35: =B35/$B$27 -> 0.013605442 | H35: =C35/$C$27 -> 0.007751938 | I35: =D35/$D$27 -> 0.055555556
G36: =SUM(G28:G35) -> 1 | H36: =SUM(H28:H35) -> 1 | I36: =SUM(I28:I35) -> 1

Sheet Causas Mortalidad 2005 Residenc
A2: La Guajira | B2: TOTAL | C2: TOTAL | G2: LA GUAJIRA
C3: Hombres | D3: Mujeres | I3: TOTAL
A4: TOTAL | B4: 1692 | C4: 1015 | D4: 677 | G4: TOTAL | H4: TOTAL | I4: Hombres | J4: Mujeres
A5: 101 ENFERMEDADES INFECCIOSAS INTESTINALES | B5: 39 | C5: 16 | D5: 23 | G5: 101 ENFERMEDADES INFECCIOSAS INTESTINALES | H5: =B5/$B$4 -> 0.023049645 | I5: =C5/$C$4 -> 0.015763547 | J5: =D5/$D$4 -> 0.033973412
A6: 102 TUBERCULOSIS, INCLUSIVE SECUELAS | B6: 19 | C6: 6 | D6: 13 | G6: 102 TUBERCULOSIS, INCLUSIVE SECUELAS | H6: =B6/$B$4 -> 0.011229314 | I6: =C6/$C$4 -> 0.00591133 | J6: =D6/$D$4 -> 0.019202363
A7: 103 CIERTAS ENF. TRANSMITIDAS POR VECTORES Y RABIA | B7: 1 | C7: 1 | G7: 103 CIERTAS ENF. TRANSMITIDAS POR VECTORES Y RABIA | H7: =B7/$B$4 -> 0.00059101655 | I7: =C7/$C$4 -> 0.00098522167 | J7: =D7/$D$4 -> 0
A8: 104 CIERTAS ENF. PREVENIBLES POR VACUNA | B8: 1 | C8: 1 | G8: 104 CIERTAS ENF. PREVENIBLES POR VACUNA | H8: =B8/$B$4 -> 0.00059101655 | I8: =C8/$C$4 -> 0.00098522167 | J8: =D8/$D$4 -> 0
A9: 105 MENINGITIS | B9: 8 | C9: 3 | D9: 5 | G9: 105 MENINGITIS | H9: =B9/$B$4 -> 0.0047281324 | I9: =C9/$C$4 -> 0.002955665 | J9: =D9/$D$4 -> 0.0073855244
A10: 106 SEPTICEMIA | B10: 29 | C10: 16 | D10: 13 | G10: 106 SEPTICEMIA | H10: =B10/$B$4 -> 0.01713948 | I10: =C10/$C$4 -> 0.015763547 | J10: =D10/$D$4 -> 0.019202363
A11: 107 INFECC. CON MODO DE TRANSM. PREDOM./. SEXUAL | B11: 1 | D11: 1 | G11: 107 INFECC. CON MODO DE TRANSM. PREDOM./. SEXUAL | H11: =B11/$B$4 -> 0.00059101655 | I11: =C11/$C$4 -> 0 | J11: =D11/$D$4 -> 0.0014771049
A12: 108 ENFERMEDAD POR EL VIH/SIDA | B12: 20 | C12: 15 | D12: 5 | G12: 108 ENFERMEDAD POR EL VIH/SIDA | H12: =B12/$B$4 -> 0.011820331 | I12: =C12/$C$4 -> 0.014778325 | J12: =D12/$D$4 -> 0.0073855244
A13: 109 INFECCIONES RESPIRATORIAS AGUDAS | B13: 65 | C13: 32 | D13: 33 | G13: 109 INFECCIONES RESPIRATORIAS AGUDAS | H13: =B13/$B$4 -> 0.038416076 | I13: =C13/$C$4 -> 0.031527094 | J13: =D13/$D$4 -> 0.048744461
A14: 110 OTRASENF. INFECCIOSAS Y PARASITARIAS | B14: 3 | C14: 2 | D14: 1 | G14: 110 OTRASENF. INFECCIOSAS Y PARASITARIAS | H14: =B14/$B$4 -> 0.0017730496 | I14: =C14/$C$4 -> 0.0019704433 | J14: =D14/$D$4 -> 0.0014771049
A15: 201 TUMOR MALIGNO DEL ESTOMAGO | B15: 10 | C15: 6 | D15: 4 | G15: 201 TUMOR MALIGNO DEL ESTOMAGO | H15: =B15/$B$4 -> 0.0059101655 | I15: =C15/$C$4 -> 0.00591133 | J15: =D15/$D$4 -> 0.0059084195
A16: 202 TUMOR MALIGNO DEL COLON | B16: 7 | D16: 7 | G16: 202 TUMOR MALIGNO DEL COLON | H16: =B16/$B$4 -> 0.0041371158 | I16: =C16/$C$4 -> 0 | J16: =D16/$D$4 -> 0.010339734
A17: 203 TUMOR M. ORG.DIGESTIVOS Y PERITONEO, EXCL.ESTOM.Y COLON | B17: 8 | C17: 4 | D17: 4 | G17: 203 TUMOR M. ORG.DIGESTIVOS Y PERITONEO, EXCL.ESTOM.Y COLON | H17: =B17/$B$4 -> 0.0047281324 | I17: =C17/$C$4 -> 0.0039408867 | J17: =D17/$D$4 -> 0.0059084195
A18: 204 TUMOR MALIGNO HIGADO Y VIAS BILIARES | B18: 6 | C18: 5 | D18: 1 | G18: 204 TUMOR MALIGNO HIGADO Y VIAS BILIARES | H18: =B18/$B$4 -> 0.0035460993 | I18: =C18/$C$4 -> 0.0049261084 | J18: =D18/$D$4 -> 0.0014771049
A19: 205 TUMOR MALIGNO DEL PANCREAS | B19: 9 | C19: 5 | D19: 4 | G19: 205 TUMOR MALIGNO DEL PANCREAS | H19: =B19/$B$4 -> 0.0053191489 | I19: =C19/$C$4 -> 0.0049261084 | J19: =D19/$D$4 -> 0.0059084195
A20: 206 T. M. DE TRAQUEA, BRONQUIOS Y PULMON | B20: 40 | C20: 21 | D20: 19 | G20: 206 T. M. DE TRAQUEA, BRONQUIOS Y PULMON | H20: =B20/$B$4 -> 0.023640662 | I20: =C20/$C$4 -> 0.020689655 | J20: =D20/$D$4 -> 0.028064993
A21: 207 TUMOR M.ORG. RESPIRAT. E INTRAT., EXCL.TRAQUEA, BRONQUIOS Y PULMON | B21: 6 | C21: 3 | D21: 3 | G21: 207 TUMOR M.ORG. RESPIRAT. E INTRAT., EXCL.TRAQUEA, BRONQUIOS Y PULMON | H21: =B21/$B$4 -> 0.0035460993 | I21: =C21/$C$4 -> 0.002955665 | J21: =D21/$D$4 -> 0.0044313146
A22: 208 TUMOR MALIGNO DE LA MAMA | B22: 10 | D22: 10 | G22: 208 TUMOR MALIGNO DE LA MAMA | H22: =B22/$B$4 -> 0.0059101655 | I22: =C22/$C$4 -> 0 | J22: =D22/$D$4 -> 0.014771049
A23: 209 T. MALIGNO DEL UTERO | B23: 21 | D23: 21 | G23: 209 T. MALIGNO DEL UTERO | H23: =B23/$B$4 -> 0.012411348 | I23: =C23/$C$4 -> 0 | J23: =D23/$D$4 -> 0.031019202
A24: 210 T. MALIGNO DE LA PROSTATA | B24: 22 | C24: 22 | G24: 210 T. MALIGNO DE LA PROSTATA | H24: =B24/$B$4 -> 0.013002364 | I24: =C24/$C$4 -> 0.021674877 | J24: =D24/$D$4 -> 0
A25: 211 T. MALIGNO OTROS ORGANOS GENITOURINARIOS | B25: 7 | C25: 4 | D25: 3 | G25: 211 T. MALIGNO OTROS ORGANOS GENITOURINARIOS | H25: =B25/$B$4 -> 0.0041371158 | I25: =C25/$C$4 -> 0.0039408867 | J25: =D25/$D$4 -> 0.0044313146
A26: 212 T. MALIGNO TEJIDO LINFATICO, ORG. HEMATOPOY. Y TEJIDOS AFINES | B26: 22 | C26: 9 | D26: 13 | G26: 212 T. MALIGNO TEJIDO LINFATICO, ORG. HEMATOPOY. Y TEJIDOS AFINES | H26: =B26/$B$4 -> 0.013002364 | I26: =C26/$C$4 -> 0.0088669951 | J26: =D26/$D$4 -> 0.019202363
A27: 213 RESIDUO DE TUMORES MALIGNOS | B27: 32 | C27: 13 | D27: 19 | G27: 213 RESIDUO DE TUMORES MALIGNOS | H27: =B27/$B$4 -> 0.01891253 | I27: =C27/$C$4 -> 0.012807882 | J27: =D27/$D$4 -> 0.028064993
A28: 214 CARCINOMA IN-SITU, T. BENIGNOS Y DE COMPORTAM.INCIERTO O DESCON. | B28: 3 | C28: 2 | D28: 1 | G28: 214 CARCINOMA IN-SITU, T. BENIGNOS Y DE COMPORTAM.INCIERTO O DESCON. | H28: =B28/$B$4 -> 0.0017730496 | I28: =C28/$C$4 -> 0.0019704433 | J28: =D28/$D$4 -> 0.0014771049
A29: 301 FIEBRE REUMATICA AGUDA Y ENF. CARDIACAS REUM. CRONICAS | B29: 3 | D29: 3 | G29: 301 FIEBRE REUMATICA AGUDA Y ENF. CARDIACAS REUM. CRONICAS | H29: =B29/$B$4 -> 0.0017730496 | I29: =C29/$C$4 -> 0 | J29: =D29/$D$4 -> 0.0044313146
A30: 302 ENFERMEDADES HIPERTENSIVAS | B30: 17 | C30: 6 | D30: 11 | G30: 302 ENFERMEDADES HIPERTENSIVAS | H30: =B30/$B$4 -> 0.010047281 | I30: =C30/$C$4 -> 0.00591133 | J30: =D30/$D$4 -> 0.016248154
A31: 303 ENFERMEDADES ISQUEMICAS DEL CORAZON | B31: 182 | C31: 100 | D31: 82 | G31: 303 ENFERMEDADES ISQUEMICAS DEL CORAZON | H31: =B31/$B$4 -> 0.10756501 | I31: =C31/$C$4 -> 0.098522167 | J31: =D31/$D$4 -> 0.1211226
A32: 304 ENF. CARDIOPULMONAR, DE LA CIRC. PULM. Y OTRAS ENF. CORAZON | B32: 25 | C32: 10 | D32: 15 | G32: 304 ENF. CARDIOPULMONAR, DE LA CIRC. PULM. Y OTRAS ENF. CORAZON | H32: =B32/$B$4 -> 0.014775414 | I32: =C32/$C$4 -> 0.0098522167 | J32: =D32/$D$4 -> 0.022156573
A33: 306 INSUFICIENCOA CARDIACA | B33: 18 | C33: 15 | D33: 3 | G33: 306 INSUFICIENCOA CARDIACA | H33: =B33/$B$4 -> 0.010638298 | I33: =C33/$C$4 -> 0.014778325 | J33: =D33/$D$4 -> 0.0044313146
A34: 307 ENFERMEDADES CEREBROVASCULARES | B34: 101 | C34: 48 | D34: 53 | G34: 307 ENFERMEDADES CEREBROVASCULARES | H34: =B34/$B$4 -> 0.059692671 | I34: =C34/$C$4 -> 0.04729064 | J34: =D34/$D$4 -> 0.078286558
A35: 308 ATEROSCLEROSIS | B35: 1 | C35: 1 | G35: 308 ATEROSCLEROSIS | H35: =B35/$B$4 -> 0.00059101655 | I35: =C35/$C$4 -> 0.00098522167 | J35: =D35/$D$4 -> 0
A36: 309 RESTO ENF. DEL SISTEMA CIRCULATORIO | B36: 10 | C36: 4 | D36: 6 | G36: 309 RESTO ENF. DEL SISTEMA CIRCULATORIO | H36: =B36/$B$4 -> 0.0059101655 | I36: =C36/$C$4 -> 0.0039408867 | J36: =D36/$D$4 -> 0.0088626292
A37: 401 FETO Y RECIEN NACIDO AFECTADOS POR CIERTAS AFECC. MATERNAS | B37: 3 | C37: 2 | D37: 1 | G37: 401 FETO Y RECIEN NACIDO AFECTADOS POR CIERTAS AFECC. MATERNAS | H37: =B37/$B$4 -> 0.0017730496 | I37: =C37/$C$4 -> 0.0019704433 | J37: =D37/$D$4 -> 0.0014771049
A38: 402 FETO Y RECIEN N. AFECTADOS POR COMPL. OBST. Y TRAUM. NACIMIENTO | B38: 5 | C38: 1 | D38: 4 | G38: 402 FETO Y RECIEN N. AFECTADOS POR COMPL. OBST. Y TRAUM. NACIMIENTO | H38: =B38/$B$4 -> 0.0029550827 | I38: =C38/$C$4 -> 0.00098522167 | J38: =D38/$D$4 -> 0.0059084195
A39: 403 RETARDO CRECIM.FETAL, DESNUTR. FETAL., BAJO P./ NACER, GEST.CORTA | B39: 2 | C39: 1 | D39: 1 | G39: 403 RETARDO CRECIM.FETAL, DESNUTR. FETAL., BAJO P./ NACER, GEST.CORTA | H39: =B39/$B$4 -> 0.0011820331 | I39: =C39/$C$4 -> 0.00098522167 | J39: =D39/$D$4 -> 0.0014771049
A40: 404 TRAST. RESPIRATORIOS ESPECIFICOS DEL PERIODO PERINATAL | B40: 76 | C40: 39 | D40: 37 | G40: 404 TRAST. RESPIRATORIOS ESPECIFICOS DEL PERIODO PERINATAL | H40: =B40/$B$4 -> 0.044917258 | I40: =C40/$C$4 -> 0.038423645 | J40: =D40/$D$4 -> 0.05465288
A41: 405 SEPSIS BACTERIANA DEL RECIEN NACIDO | B41: 35 | C41: 16 | D41: 19 | G41: 405 SEPSIS BACTERIANA DEL RECIEN NACIDO | H41: =B41/$B$4 -> 0.020685579 | I41: =C41/$C$4 -> 0.015763547 | J41: =D41/$D$4 -> 0.028064993
A42: 407 OTRAS AFECC. ORIGINADAS EN PERIODO PERINATAL | B42: 24 | C42: 13 | D42: 11 | G42: 407 OTRAS AFECC. ORIGINADAS EN PERIODO PERINATAL | H42: =B42/$B$4 -> 0.014184397 | I42: =C42/$C$4 -> 0.012807882 | J42: =D42/$D$4 -> 0.016248154
A43: 501 ACC. TRANSPORTE TERRESTRE, INCLUSIVE SECUELAS | B43: 71 | C43: 45 | D43: 26 | G43: 501 ACC. TRANSPORTE TERRESTRE, INCLUSIVE SECUELAS | H43: =B43/$B$4 -> 0.041962175 | I43: =C43/$C$4 -> 0.044334975 | J43: =D43/$D$4 -> 0.038404727
A44: 502 OTROS ACC. TRANSPORTE Y LOS NO ESP., INCLUSIVE SECUELAS | B44: 1 | C44: 1 | G44: 502 OTROS ACC. TRANSPORTE Y LOS NO ESP., INCLUSIVE SECUELAS | H44: =B44/$B$4 -> 0.00059101655 | I44: =C44/$C$4 -> 0.00098522167 | J44: =D44/$D$4 -> 0
A45: 503 CAIDAS | B45: 2 | C45: 2 | G45: 503 CAIDAS | H45: =B45/$B$4 -> 0.0011820331 | I45: =C45/$C$4 -> 0.0019704433 | J45: =D45/$D$4 -> 0
A46: 505 ACC. CAUSADOS POR DISPARO DE ARMAS DE FUEGO | B46: 1 | C46: 1 | G46: 505 ACC. CAUSADOS POR DISPARO DE ARMAS DE FUEGO | H46: =B46/$B$4 -> 0.00059101655 | I46: =C46/$C$4 -> 0.00098522167 | J46: =D46/$D$4 -> 0
A47: 506 AHOGAMIENTO Y SUMERSION ACCIDENTALES | B47: 9 | C47: 9 | G47: 506 AHOGAMIENTO Y SUMERSION ACCIDENTALES | H47: =B47/$B$4 -> 0.0053191489 | I47: =C47/$C$4 -> 0.0088669951 | J47: =D47/$D$4 -> 0
A48: 507 EXPOSICION AL HUMO, FUEGO Y LLAMAS | B48: 3 | C48: 1 | D48: 2 | G48: 507 EXPOSICION AL HUMO, FUEGO Y LLAMAS | H48: =B48/$B$4 -> 0.0017730496 | I48: =C48/$C$4 -> 0.00098522167 | J48: =D48/$D$4 -> 0.0029542097
A49: 508 ENVENENAMIENTO. ACC. POR, Y EXPOSICION A SUSTANC.NOCIVAS | B49: 1 | D49: 1 | G49: 508 ENVENENAMIENTO. ACC. POR, Y EXPOSICION A SUSTANC.NOCIVAS | H49: =B49/$B$4 -> 0.00059101655 | I49: =C49/$C$4 -> 0 | J49: =D49/$D$4 -> 0.0014771049
A50: 510 OTROS ACCIDENTES, INCLUSIVE SECUELAS | B50: 28 | C50: 22 | D50: 6 | G50: 510 OTROS ACCIDENTES, INCLUSIVE SECUELAS | H50: =B50/$B$4 -> 0.016548463 | I50: =C50/$C$4 -> 0.021674877 | J50: =D50/$D$4 -> 0.0088626292
A51: 511 LESIONES AUTOINFLIGIDAS INTENC.(SUICIDIOS), INCL. SECUELAS | B51: 17 | C51: 14 | D51: 3 | G51: 511 LESIONES AUTOINFLIGIDAS INTENC.(SUICIDIOS), INCL. SECUELAS | H51: =B51/$B$4 -> 0.010047281 | I51: =C51/$C$4 -> 0.013793103 | J51: =D51/$D$4 -> 0.0044313146
A52: 512 AGRESIONES (HOMICIDIOS), INCLUSIVE SECUELAS | B52: 322 | C52: 295 | D52: 27 | G52: 512 AGRESIONES (HOMICIDIOS), INCLUSIVE SECUELAS | H52: =B52/$B$4 -> 0.19030733 | I52: =C52/$C$4 -> 0.29064039 | J52: =D52/$D$4 -> 0.039881832
A53: 514 EVENTOS DE INTENCION NO DETERMINADA, INCL. SECUELAS | B53: 6 | C53: 5 | D53: 1 | G53: 514 EVENTOS DE INTENCION NO DETERMINADA, INCL. SECUELAS | H53: =B53/$B$4 -> 0.0035460993 | I53: =C53/$C$4 -> 0.0049261084 | J53: =D53/$D$4 -> 0.0014771049
A54: 601 DIABETES MELLITUS | B54: 42 | C54: 19 | D54: 23 | G54: 601 DIABETES MELLITUS | H54: =B54/$B$4 -> 0.024822695 | I54: =C54/$C$4 -> 0.018719212 | J54: =D54/$D$4 -> 0.033973412
A55: 602 DEFICIENCIAS NUTRICIONALES Y ANEMIAS NUTRICIONALES | B55: 42 | C55: 31 | D55: 11 | G55: 602 DEFICIENCIAS NUTRICIONALES Y ANEMIAS NUTRICIONALES | H55: =B55/$B$4 -> 0.024822695 | I55: =C55/$C$4 -> 0.030541872 | J55: =D55/$D$4 -> 0.016248154
A56: 604 ENF. SISTEMA NERVIOSO, EXCEPTO MENINGITIS | B56: 17 | C56: 9 | D56: 8 | G56: 604 ENF. SISTEMA NERVIOSO, EXCEPTO MENINGITIS | H56: =B56/$B$4 -> 0.010047281 | I56: =C56/$C$4 -> 0.0088669951 | J56: =D56/$D$4 -> 0.011816839
A57: 605 ENF. CRONICAS VIAS REPIRATORIAS INFERIORES | B57: 41 | C57: 25 | D57: 16 | G57: 605 ENF. CRONICAS VIAS REPIRATORIAS INFERIORES | H57: =B57/$B$4 -> 0.024231678 | I57: =C57/$C$4 -> 0.024630542 | J57: =D57/$D$4 -> 0.023633678
A58: 606 OTRAS ENF. DE LAS VIAS RESPIRATORIAS SUPERIORES | B58: 1 | D58: 1 | G58: 606 OTRAS ENF. DE LAS VIAS RESPIRATORIAS SUPERIORES | H58: =B58/$B$4 -> 0.00059101655 | I58: =C58/$C$4 -> 0 | J58: =D58/$D$4 -> 0.0014771049
A59: 608 OTRAS ENFERMEDADES RESPIRATORIAS | B59: 11 | C59: 7 | D59: 4 | G59: 608 OTRAS ENFERMEDADES RESPIRATORIAS | H59: =B59/$B$4 -> 0.006501182 | I59: =C59/$C$4 -> 0.0068965517 | J59: =D59/$D$4 -> 0.0059084195
A60: 609 APENDICITIS, HERNIA CAVIDAD ABDOMINAL Y OBSTR. INTESTINAL | B60: 9 | C60: 2 | D60: 7 | G60: 609 APENDICITIS, HERNIA CAVIDAD ABDOMINAL Y OBSTR. INTESTINAL | H60: =B60/$B$4 -> 0.0053191489 | I60: =C60/$C$4 -> 0.0019704433 | J60: =D60/$D$4 -> 0.010339734
A61: 610 CIERTAS ENF. CRONICAS DEL HIGADO Y CIRROSIS | B61: 15 | C61: 12 | D61: 3 | G61: 610 CIERTAS ENF. CRONICAS DEL HIGADO Y CIRROSIS | H61: =B61/$B$4 -> 0.0088652482 | I61: =C61/$C$4 -> 0.01182266 | J61: =D61/$D$4 -> 0.0044313146
A62: 611 OTRAS ENF. SISTEMA DISGESTIVO | B62: 32 | C62: 16 | D62: 16 | G62: 611 OTRAS ENF. SISTEMA DISGESTIVO | H62: =B62/$B$4 -> 0.01891253 | I62: =C62/$C$4 -> 0.015763547 | J62: =D62/$D$4 -> 0.023633678
A63: 612 ENFERMEDADES SISTEMA URINARIO | B63: 26 | C63: 9 | D63: 17 | G63: 612 ENFERMEDADES SISTEMA URINARIO | H63: =B63/$B$4 -> 0.01536643 | I63: =C63/$C$4 -> 0.0088669951 | J63: =D63/$D$4 -> 0.025110783
A64: 613 HIPERPLASIA DE LA PROSTATA | B64: 1 | C64: 1 | G64: 613 HIPERPLASIA DE LA PROSTATA | H64: =B64/$B$4 -> 0.00059101655 | I64: =C64/$C$4 -> 0.00098522167 | J64: =D64/$D$4 -> 0
A65: 614 EMBARAZO, PARTO Y PUERPERIO | B65: 15 | D65: 15 | G65: 614 EMBARAZO, PARTO Y PUERPERIO | H65: =B65/$B$4 -> 0.0088652482 | I65: =C65/$C$4 -> 0 | J65: =D65/$D$4 -> 0.022156573
A66: 615 MALFORMACIONES CONGEN., DEFORMID.Y ANOMALIAS CROMOSOMICAS | B66: 50 | C66: 32 | D66: 18 | G66: 615 MALFORMACIONES CONGEN., DEFORMID.Y ANOMALIAS CROMOSOMICAS | H66: =B66/$B$4 -> 0.029550827 | I66: =C66/$C$4 -> 0.031527094 | J66: =D66/$D$4 -> 0.026587888
A67: 616 RESIDUO | B67: 27 | C67: 10 | D67: 17 | G67: 616 RESIDUO | H67: =B67/$B$4 -> 0.015957447 | I67: =C67/$C$4 -> 0.0098522167 | J67: =D67/$D$4 -> 0.025110783
A68: 700 SINTOMAS, SIGNOS Y AFECCIONES MAL DEFINIDAS | B68: 11 | C68: 5 | D68: 6 | G68: 700 SINTOMAS, SIGNOS Y AFECCIONES MAL DEFINIDAS | H68: =B68/$B$4 -> 0.006501182 | I68: =C68/$C$4 -> 0.0049261084 | J68: =D68/$D$4 -> 0.0088626292
H69: =SUM(H5:H68) -> 1 | I69: =SUM(I5:I68) -> 1 | J69: =SUM(J5:J68) -> 1
A71: RIOHACHA | B71: TOTAL | C71: TOTAL
C72: Hombres | D72: Mujeres | G72: RIOHACHA
I73: TOTAL
A74: TOTAL | B74: 493 | C74: 276 | D74: 217 | H74: TOTAL | I74: Hombres | J74: Mujeres
A75: 101 ENFERMEDADES INFECCIOSAS INTESTINALES | B75: 11 | C75: 4 | D75: 7 | G75: 101 ENFERMEDADES INFECCIOSAS INTESTINALES | H75: =B75/$B$74 -> 0.022312373 | I75: =C75/$C$74 -> 0.014492754 | J75: =D75/$D$74 -> 0.032258065
A76: 102 TUBERCULOSIS, INCLUSIVE SECUELAS | B76: 4 | C76: 2 | D76: 2 | G76: 102 TUBERCULOSIS, INCLUSIVE SECUELAS | H76: =B76/$B$74 -> 0.0081135903 | I76: =C76/$C$74 -> 0.0072463768 | J76: =D76/$D$74 -> 0.0092165899
A77: 104 CIERTAS ENF. PREVENIBLES POR VACUNA | B77: 1 | C77: 1 | D77: . | G77: 104 CIERTAS ENF. PREVENIBLES POR VACUNA | H77: =B77/$B$74 -> 0.0020283976 | I77: =C77/$C$74 -> 0.0036231884
A78: 105 MENINGITIS | B78: 3 | C78: 1 | D78: 2 | G78: 105 MENINGITIS | H78: =B78/$B$74 -> 0.0060851927 | I78: =C78/$C$74 -> 0.0036231884 | J78: =D78/$D$74 -> 0.0092165899
A79: 106 SEPTICEMIA | B79: 8 | C79: 4 | D79: 4 | G79: 106 SEPTICEMIA | H79: =B79/$B$74 -> 0.016227181 | I79: =C79/$C$74 -> 0.014492754 | J79: =D79/$D$74 -> 0.01843318
A80: 108 ENFERMEDAD POR EL VIH/SIDA | B80: 8 | C80: 5 | D80: 3 | G80: 108 ENFERMEDAD POR EL VIH/SIDA | H80: =B80/$B$74 -> 0.016227181 | I80: =C80/$C$74 -> 0.018115942 | J80: =D80/$D$74 -> 0.013824885
A81: 109 INFECCIONES RESPIRATORIAS AGUDAS | B81: 22 | C81: 10 | D81: 12 | G81: 109 INFECCIONES RESPIRATORIAS AGUDAS | H81: =B81/$B$74 -> 0.044624746 | I81: =C81/$C$74 -> 0.036231884 | J81: =D81/$D$74 -> 0.055299539
A82: 110 OTRASENF. INFECCIOSAS Y PARASITARIAS | B82: 2 | C82: 1 | D82: 1 | G82: 110 OTRASENF. INFECCIOSAS Y PARASITARIAS | H82: =B82/$B$74 -> 0.0040567951 | I82: =C82/$C$74 -> 0.0036231884 | J82: =D82/$D$74 -> 0.0046082949
A83: 201 TUMOR MALIGNO DEL ESTOMAGO | B83: 1 | C83: . | D83: 1 | G83: 201 TUMOR MALIGNO DEL ESTOMAGO | H83: =B83/$B$74 -> 0.0020283976 | J83: =D83/$D$74 -> 0.0046082949
A84: 202 TUMOR MALIGNO DEL COLON | B84: 1 | C84: . | D84: 1 | G84: 202 TUMOR MALIGNO DEL COLON | H84: =B84/$B$74 -> 0.0020283976 | J84: =D84/$D$74 -> 0.0046082949
A85: 203 TUMOR M. ORG.DIGESTIVOS Y PERITONEO, EXCL.ESTOM.Y COLON | B85: 2 | C85: 1 | D85: 1 | G85: 203 TUMOR M. ORG.DIGESTIVOS Y PERITONEO, EXCL.ESTOM.Y COLON | H85: =B85/$B$74 -> 0.0040567951 | I85: =C85/$C$74 -> 0.0036231884 | J85: =D85/$D$74 -> 0.0046082949
A86: 205 TUMOR MALIGNO DEL PANCREAS | B86: 5 | C86: 1 | D86: 4 | G86: 205 TUMOR MALIGNO DEL PANCREAS | H86: =B86/$B$74 -> 0.010141988 | I86: =C86/$C$74 -> 0.0036231884 | J86: =D86/$D$74 -> 0.01843318
A87: 206 T. M. DE TRAQUEA, BRONQUIOS Y PULMON | B87: 12 | C87: 7 | D87: 5 | G87: 206 T. M. DE TRAQUEA, BRONQUIOS Y PULMON | H87: =B87/$B$74 -> 0.024340771 | I87: =C87/$C$74 -> 0.025362319 | J87: =D87/$D$74 -> 0.023041475
A88: 207 TUMOR M.ORG. RESPIRAT. E INTRAT., EXCL.TRAQUEA, BRONQUIOS Y PULMON | B88: 1 | C88: . | D88: 1 | G88: 207 TUMOR M.ORG. RESPIRAT. E INTRAT., EXCL.TRAQUEA, BRONQUIOS Y PULMON | H88: =B88/$B$74 -> 0.0020283976 | J88: =D88/$D$74 -> 0.0046082949
A89: 208 TUMOR MALIGNO DE LA MAMA | B89: 3 | C89: . | D89: 3 | G89: 208 TUMOR MALIGNO DE LA MAMA | H89: =B89/$B$74 -> 0.0060851927 | J89: =D89/$D$74 -> 0.013824885
A90: 209 T. MALIGNO DEL UTERO | B90: 7 | C90: . | D90: 7 | G90: 209 T. MALIGNO DEL UTERO | H90: =B90/$B$74 -> 0.014198783 | J90: =D90/$D$74 -> 0.032258065
A91: 210 T. MALIGNO DE LA PROSTATA | B91: 6 | C91: 6 | D91: . | G91: 210 T. MALIGNO DE LA PROSTATA | H91: =B91/$B$74 -> 0.012170385 | I91: =C91/$C$74 -> 0.02173913
A92: 212 T. MALIGNO TEJIDO LINFATICO, ORG. HEMATOPOY. Y TEJIDOS AFINES | B92: 4 | C92: 2 | D92: 2 | G92: 212 T. MALIGNO TEJIDO LINFATICO, ORG. HEMATOPOY. Y TEJIDOS AFINES | H92: =B92/$B$74 -> 0.0081135903 | I92: =C92/$C$74 -> 0.0072463768 | J92: =D92/$D$74 -> 0.0092165899
A93: 213 RESIDUO DE TUMORES MALIGNOS | B93: 9 | C93: 1 | D93: 8 | G93: 213 RESIDUO DE TUMORES MALIGNOS | H93: =B93/$B$74 -> 0.018255578 | I93: =C93/$C$74 -> 0.0036231884 | J93: =D93/$D$74 -> 0.036866359
A94: 214 CARCINOMA IN-SITU, T. BENIGNOS Y DE COMPORTAM.INCIERTO O DESCON. | B94: 1 | C94: 1 | D94: . | G94: 214 CARCINOMA IN-SITU, T. BENIGNOS Y DE COMPORTAM.INCIERTO O DESCON. | H94: =B94/$B$74 -> 0.0020283976 | I94: =C94/$C$74 -> 0.0036231884
A95: 302 ENFERMEDADES HIPERTENSIVAS | B95: 5 | C95: 2 | D95: 3 | G95: 302 ENFERMEDADES HIPERTENSIVAS | H95: =B95/$B$74 -> 0.010141988 | I95: =C95/$C$74 -> 0.0072463768 | J95: =D95/$D$74 -> 0.013824885
A96: 303 ENFERMEDADES ISQUEMICAS DEL CORAZON | B96: 30 | C96: 14 | D96: 16 | G96: 303 ENFERMEDADES ISQUEMICAS DEL CORAZON | H96: =B96/$B$74 -> 0.060851927 | I96: =C96/$C$74 -> 0.050724638 | J96: =D96/$D$74 -> 0.073732719
A97: 304 ENF. CARDIOPULMONAR, DE LA CIRC. PULM. Y OTRAS ENF. CORAZON | B97: 8 | C97: 2 | D97: 6 | G97: 304 ENF. CARDIOPULMONAR, DE LA CIRC. PULM. Y OTRAS ENF. CORAZON | H97: =B97/$B$74 -> 0.016227181 | I97: =C97/$C$74 -> 0.0072463768 | J97: =D97/$D$74 -> 0.02764977
A98: 306 INSUFICIENCOA CARDIACA | B98: 3 | C98: 2 | D98: 1 | G98: 306 INSUFICIENCOA CARDIACA | H98: =B98/$B$74 -> 0.0060851927 | I98: =C98/$C$74 -> 0.0072463768 | J98: =D98/$D$74 -> 0.0046082949
A99: 307 ENFERMEDADES CEREBROVASCULARES | B99: 37 | C99: 14 | D99: 23 | G99: 307 ENFERMEDADES CEREBROVASCULARES | H99: =B99/$B$74 -> 0.07505071 | I99: =C99/$C$74 -> 0.050724638 | J99: =D99/$D$74 -> 0.10599078
A100: 308 ATEROSCLEROSIS | B100: 1 | C100: 1 | D100: . | G100: 308 ATEROSCLEROSIS | H100: =B100/$B$74 -> 0.0020283976 | I100: =C100/$C$74 -> 0.0036231884
A101: 309 RESTO ENF. DEL SISTEMA CIRCULATORIO | B101: 3 | C101: . | D101: 3 | G101: 309 RESTO ENF. DEL SISTEMA CIRCULATORIO | H101: =B101/$B$74 -> 0.0060851927 | J101: =D101/$D$74 -> 0.013824885
A102: 402 FETO Y RECIEN N. AFECTADOS POR COMPL. OBST. Y TRAUM. NACIMIENTO | B102: 2 | C102: . | D102: 2 | G102: 402 FETO Y RECIEN N. AFECTADOS POR COMPL. OBST. Y TRAUM. NACIMIENTO | H102: =B102/$B$74 -> 0.0040567951 | J102: =D102/$D$74 -> 0.0092165899
...

Sheet DF2005
A1: La Guajira - Riohacha | B1: Rangos de edad | C1: Hombre | D1: Mujer | E1: Total | F1: La Guajira Total | G1: Rangos de edad | H1: Hombre | I1: Mujer | J1: Total | L1: Riohacha PT | M1: Edad | N1: Sexo | Q1: La Guajira PT | R1: Edad | S1: Sexo
B2: 0 a 4 años | C2: 33 | D2: 26 | E2: 59 | G2: 0 a 4 años | H2: 107 | I2: 92 | J2: 199 | N2: Hombre | O2: Mujer | P2: Total | S2: Hombre | T2: Mujer | U2: Total | W2: TBM La Guajira | Y2: =AC2*J24/U118 -> 2.3026828 | AB2: n | AC2: 1000
B3: 5 a 9 años | C3: 5 | D3: 3 | E3: 8 | G3: 5 a 9 años | H3: 16 | I3: 13 | J3: 29 | M3: 0 años | N3: 2856 | O3: 2771 | P3: 5627 | R3: 0 años | S3: 12659 | T3: 12260 | U3: 24919
B4: 10 a 14 años | C4: 10 | D4: 2 | E4: 12 | G4: 10 a 14 años | H4: 26 | I4: 9 | J4: 35 | M4: 1 año | N4: 2647 | O4: 2375 | P4: 5022 | R4: 1 año | S4: 12124 | T4: 11564 | U4: 23688 | AC4: GRÁFICOS
B5: 15 a 19 años | C5: 14 | D5: 4 | E5: 18 | G5: 15 a 19 años | H5: 37 | I5: 17 | J5: 54 | M5: 2 años | N5: 2391 | O5: 2425 | P5: 4816 | R5: 2 años | S5: 11271 | T5: 11064 | U5: 22335 | W5: TBM Riohacha | Y5: =AC2*E24/P112 -> 2.5870318
B6: 20 a 24 años | C6: 21 | D6: 4 | E6: 25 | G6: 20 a 24 años | H6: 75 | I6: 11 | J6: 86 | M6: 3 años | N6: 2225 | O6: 2259 | P6: 4484 | R6: 3 años | S6: 9848 | T6: 9795 | U6: 19643
B7: 25 a 29 años | C7: 20 | D7: - | E7: 20 | G7: 25 a 29 años | H7: 76 | I7: 12 | J7: 88 | M7: 4 años | N7: 2516 | O7: 2385 | P7: 4901 | R7: 4 años | S7: 9629 | T7: 9275 | U7: 18904 | W7: TBMH Guajira | Y7: =AC2*H24/S118 -> 2.8469509
B8: 30 a 34 años | C8: 13 | D8: 3 | E8: 16 | G8: 30 a 34 años | H8: 58 | I8: 13 | J8: 71 | M8: 5 años | N8: 2268 | O8: 2256 | P8: 4524 | R8: 5 años | S8: 9749 | T8: 9251 | U8: 19000 | W8: TBMM Guajira | Y8: =AC2*I24/T118 -> 1.7706602
B9: 35 a 39 años | C9: 18 | D9: 7 | E9: 25 | G9: 35 a 39 años | H9: 62 | I9: 26 | J9: 88 | M9: 6 años | N9: 2032 | O9: 2056 | P9: 4088 | R9: 6 años | S9: 8968 | T9: 8472 | U9: 17440
B10: 40 a 44 años | C10: 16 | D10: 4 | E10: 20 | G10: 40 a 44 años | H10: 55 | I10: 15 | J10: 70 | M10: 7 años | N10: 2050 | O10: 2101 | P10: 4151 | R10: 7 años | S10: 8425 | T10: 8059 | U10: 16484 | W10: TBMH Riohacha | Y10: =AC2*C24/N112 -> 3.2305682
B11: 45 a 49 años | C11: 9 | D11: 4 | E11: 13 | G11: 45 a 49 años | H11: 37 | I11: 19 | J11: 56 | M11: 8 años | N11: 1970 | O11: 1842 | P11: 3812 | R11: 8 años | S11: 8527 | T11: 8066 | U11: 16593 | W11: TBMM Riohacha | Y11: =AC2*D24/O112 -> 1.9732743
B12: 50 a 54 años | C12: 15 | D12: 15 | E12: 30 | G12: 50 a 54 años | H12: 46 | I12: 34 | J12: 80 | M12: 9 años | N12: 1922 | O12: 1766 | P12: 3688 | R12: 9 años | S12: 8033 | T12: 7629 | U12: 15662
B13: 55 a 59 años | C13: 15 | D13: 18 | E13: 33 | G13: 55 a 59 años | H13: 40 | I13: 47 | J13: 87 | M13: 10 años | N13: 1935 | O13: 1912 | P13: 3847 | R13: 10 años | S13: 8224 | T13: 7901 | U13: 16125 | W13: Defunciones La Guajira | Y13: =J24 -> 1507
B14: 60 a 64 años | C14: 7 | D14: 13 | E14: 20 | G14: 60 a 64 años | H14: 33 | I14: 35 | J14: 68 | M14: 11 años | N14: 1849 | O14: 1832 | P14: 3681 | R14: 11 años | S14: 7846 | T14: 7471 | U14: 15317 | W14: Defunciones Riohacha | Y14: =E24 -> 438
B15: 65 a 69 años | C15: 15 | D15: 16 | E15: 31 | G15: 65 a 69 años | H15: 36 | I15: 44 | J15: 80 | M15: 12 años | N15: 1631 | O15: 1738 | P15: 3369 | R15: 12 años | S15: 7257 | T15: 7089 | U15: 14346
B16: 70 a 74 años | C16: 11 | D16: 12 | E16: 23 | G16: 70 a 74 años | H16: 50 | I16: 35 | J16: 85 | M16: 13 años | N16: 1832 | O16: 1863 | P16: 3695 | R16: 13 años | S16: 7588 | T16: 7268 | U16: 14856
B17: 75 a 79 años | C17: 13 | D17: 12 | E17: 25 | G17: 75 a 79 años | H17: 46 | I17: 39 | J17: 85 | M17: 14 años | N17: 1938 | O17: 1900 | P17: 3838 | R17: 14 años | S17: 7243 | T17: 7056 | U17: 14299
B18: 80 a 84 años | C18: 13 | D18: 6 | E18: 19 | G18: 80 a 84 años | H18: 46 | I18: 32 | J18: 78 | M18: 15 años | N18: 1819 | O18: 1851 | P18: 3670 | R18: 15 años | S18: 7379 | T18: 7180 | U18: 14559
B19: 85 a 89 años | C19: 8 | D19: 5 | E19: 13 | G19: 85 a 89 años | H19: 38 | I19: 36 | J19: 74 | M19: 16 años | N19: 1744 | O19: 1829 | P19: 3573 | R19: 16 años | S19: 6466 | T19: 6631 | U19: 13097
B20: 90 a 94 años | C20: 6 | D20: 9 | E20: 15 | G20: 90 a 94 años | H20: 22 | I20: 33 | J20: 55 | M20: 17 años | N20: 1682 | O20: 1700 | P20: 3382 | R20: 17 años | S20: 6346 | T20: 6088 | U20: 12434
B21: 95 a 99 años | C21: 2 | D21: 8 | E21: 10 | G21: 95 a 99 años | H21: 11 | I21: 22 | J21: 33 | M21: 18 años | N21: 1638 | O21: 1741 | P21: 3379 | R21: 18 años | S21: 5917 | T21: 6048 | U21: 11965
B22: 100 a 104 años | C22: 2 | D22: - | E22: 2 | G22: 100 a 104 años | H22: 3 | I22: 1 | J22: 4 | M22: 19 años | N22: 1394 | O22: 1656 | P22: 3050 | R22: 19 años | S22: 5230 | T22: 5641 | U22: 10871
B23: 110 a 114 años | C23: 1 | D23: - | E23: 1 | G23: 110 a 114 años | H23: 1 | I23: 1 | J23: 2 | M23: 20 años | N23: 1680 | O23: 1796 | P23: 3476 | R23: 20 años | S23: 5836 | T23: 6192 | U23: 12028
B24: Total | C24: 267 | D24: 171 | E24: 438 | G24: Total | H24: 921 | I24: 586 | J24: 1507 | M24: 21 años | N24: 1448 | O24: 1687 | P24: 3135 | R24: 21 años | S24: 5573 | T24: 6024 | U24: 11597
M25: 22 años | N25: 1593 | O25: 1704 | P25: 3297 | R25: 22 años | S25: 5501 | T25: 5638 | U25: 11139
M26: 23 años | N26: 1506 | O26: 1756 | P26: 3262 | R26: 23 años | S26: 5405 | T26: 5958 | U26: 11363
M27: 24 años | N27: 1481 | O27: 1641 | P27: 3122 | R27: 24 años | S27: 5082 | T27: 5344 | U27: 10426
M28: 25 años | N28: 1508 | O28: 1593 | P28: 3101 | R28: 25 años | S28: 5403 | T28: 5713 | U28: 11116
M29: 26 años | N29: 1364 | O29: 1451 | P29: 2815 | R29: 26 años | S29: 4807 | T29: 5271 | U29: 10078
M30: 27 años | N30: 1339 | O30: 1531 | P30: 2870 | R30: 27 años | S30: 4707 | T30: 5459 | U30: 10166
M31: 28 años | N31: 1324 | O31: 1416 | P31: 2740 | R31: 28 años | S31: 4531 | T31: 4783 | U31: 9314
M32: 29 años | N32: 1120 | O32: 1150 | P32: 2270 | R32: 29 años | S32: 3937 | T32: 4174 | U32: 8111
M33: 30 años | N33: 1153 | O33: 1330 | P33: 2483 | R33: 30 años | S33: 4559 | T33: 4981 | U33: 9540
M34: 31 años | N34: 1112 | O34: 1103 | P34: 2215 | R34: 31 años | S34: 3777 | T34: 4091 | U34: 7868
M35: 32 años | N35: 941 | O35: 1118 | P35: 2059 | R35: 32 años | S35: 3735 | T35: 4258 | U35: 7993
M36: 33 años | N36: 1034 | O36: 1118 | P36: 2152 | R36: 33 años | S36: 3748 | T36: 3895 | U36: 7643
... M104: 101 años | N104: 1 | O104: 3 | P104: 4 | R104: 101 años | S104: 1 | T104: 8 | U104: 9
M105: 102 años | N105: 1 | O105: - | P105: 1 | R105: 102 años | S105: 4 | T105: 15 | U105: 19
M106: 103 años | N106: - | O106: 1 | P106: 1 | R106: 103 años | S106: 3 | T106: 3 | U106: 6
M107: 104 años | N107: 1 | O107: 1 | P107: 2 | R107: 104 años | S107: 3 | T107: 3 | U107: 6
M108: 105 años | N108: - | O108: 2 | P108: 2 | R108: 105 años | S108: 17 | T108: 23 | U108: 40
M109: 108 años | N109: 1 | O109: 1 | P109: 2 | R109: 106 años | S109: 2 | T109: 2 | U109: 4
M110: 110 años | N110: - | O110: 1 | P110: 1 | R110: 107 años | S110: - | T110: 1 | U110: 1
M111: 115 años | N111: 1 | O111: 7 | P111: 8 | R111: 108 años | S111: 3 | T111: 2 | U111: 5
M112: Total | N112: 82648 | O112: 86658 | P112: 169306 | R112: 109 años | S112: 1 | T112: 1 | U112: 2
M113: Riohacha | R113: 110 años | S113: - | T113: 1 | U113: 1
R114: 111 años | S114: 1 | T114: 2 | U114: 3
R115: 112 años | S115: - | T115: 1 | U115: 1
R116: 114 años | S116: 1 | T116: - | U116: 1
R117: 115 años | S117: 2 | T117: 8 | U117: 10
R118: Total | S118: 323504 | T118: 330950 | U118: 654454

Sheet TEM2005
A1: Tasas Específicas de Mortalidad
I2: n | J2: 10000
B4: Rangos de edad | C4: Total Defunciones | D4: TEM | H4: Rangos de edad | I4: Total Defunciones | J4: TEM | N4: GRÁFICOS
A5: La Guajira Riohacha | B5: 0 años | C5: 30 | D5: =C5*J2/'DF2005'!P3 -> 53.314377 | G5: La Guajira Total | H5: 0 años | I5: 91 | J5: =I5*J2/'DF2005'!U3 -> 36.518319
B6: 1 a 4 años | C6: 59 | D6: =$J$2*'DF2005'!E2/SUM('DF2005'!P3:P7) -> 23.742455 | H6: 1 a 4 años | I6: 199 | J6: =I6*J2/SUM('DF2005'!U3:U7) -> 18.175342
B7: 5 a 9 años | C7: 8 | D7: =$J$2*'DF2005'!E3/SUM('DF2005'!P8:P12) -> 3.9480827 | H7: 5 a 9 años | I7: 29 | J7: =I7*J2/SUM('DF2005'!U8:U12) -> 3.404595
B8: 10 a 14 años | C8: 12 | D8: =J2*C8/SUM('DF2005'!P13:P17) -> 6.5111232 | H8: 10 a 14 años | I8: 35 | J8: =I8*J2/SUM('DF2005'!U13:U17) -> 4.670216
B9: 15 a 19 años | C9: 18 | D9: =C9*J2/SUM('DF2005'!P18:P22) -> 10.554709 | H9: 15 a 19 años | I9: 54 | J9: =I9*J2/SUM('DF2005'!U18:U22) -> 8.5815084
B10: 20 a 24 años | C10: 25 | D10: =J2*C10/SUM('DF2005'!P23:P27) -> 15.344955 | H10: 20 a 24 años | I10: 86 | J10: =I10*J2/SUM('DF2005'!U23:U27) -> 15.206974
B11: 25 a 29 años | C11: 20 | D11: =C11*J2/SUM('DF2005'!P28:P32) -> 14.496956 | H11: 25 a 29 años | I11: 88 | J11: =I11*J2/SUM('DF2005'!U28:U32) -> 18.038331
B12: 30 a 34 años | C12: 16 | D12: =C12*J2/SUM('DF2005'!P33:P37) -> 14.40144 | H12: 30 a 34 años | I12: 71 | J12: =I12*J2/SUM('DF2005'!U33:U37) -> 17.654665
B13: 35 a 39 años | C13: 25 | D13: =C13*J2/SUM('DF2005'!P38:P42) -> 24.447487 | H13: 35 a 39 años | I13: 88 | J13: =I13*J2/SUM('DF2005'!U38:U42) -> 23.409859
B14: 40 a 44 años | C14: 20 | D14: =C14*J2/SUM('DF2005'!P43:P47) -> 22.182786 | H14: 40 a 44 años | I14: 70 | J14: =I14*J2/SUM('DF2005'!U43:U47) -> 21.653056
B15: 45 a 49 años | C15: 13 | D15: =C15*J2/SUM('DF2005'!P48:P52) -> 17.307948 | H15: 45 a 49 años | I15: 56 | J15: =J2*I15/SUM('DF2005'!U48:U52) -> 20.451391
B16: 50 a 54 años | C16: 30 | D16: =C16*J2/SUM('DF2005'!P53:P57) -> 51.876189 | H16: 50 a 54 años | I16: 80 | J16: =I16*J2/SUM('DF2005'!U53:U57) -> 40.048058
B17: 55 a 59 años | C17: 33 | D17: =C17*J2/SUM('DF2005'!P58:P62) -> 73.825503 | H17: 55 a 59 años | I17: 87 | J17: =I17*J2/SUM('DF2005'!U58:U62) -> 51.962014
B18: 60 a 64 años | C18: 20 | D18: =C18*J2/SUM('DF2005'!P63:P67) -> 59.52381 | H18: 60 a 64 años | I18: 68 | J18: =I18*J2/SUM('DF2005'!U63:U67) -> 54.776865
B19: 65 a 69 años | C19: 31 | D19: =C19*J2/SUM('DF2005'!P68:P72) -> 110.08523 | H19: 65 a 69 años | I19: 80 | J19: =I19*J2/SUM('DF2005'!U68:U72) -> 72.588694
B20: 70 a 74 años | C20: 23 | D20: =C20*J2/SUM('DF2005'!P73:P77) -> 99.480969 | H20: 70 a 74 años | I20: 85 | J20: =I20*J2/SUM('DF2005'!U73:U77) -> 100.74671
B21: 75 a 79 años | C21: 25 | D21: =C21*J2/SUM('DF2005'!P78:P82) -> 259.6054 | H21: 75 a 79 años | I21: 85 | J21: =I21*J2/SUM('DF2005'!U78:U82) -> 170.99175
B22: 80 a 84 años | C22: 19 | D22: =C22*J2/SUM('DF2005'!P83:P87) -> 361.90476 | H22: 80 a 84 años | I22: 78 | J22: =I22*J2/SUM('DF2005'!U83:U87) -> 279.2696
B23: 85 a 89 años | C23: 13 | D23: =C23*J2/SUM('DF2005'!P88:P92) -> 433.33333 | H23: 85 a 89 años | I23: 74 | J23: =I23*J2/SUM('DF2005'!U88:U92) -> 453.98773
B24: 90 a 94 años | C24: 15 | D24: =C24*J2/SUM('DF2005'!P93:P97) -> 980.39216 | H24: 90 a 94 años | I24: 55 | J24: =I24*J2/SUM('DF2005'!U93:U97) -> 833.33333
B25: 95 a 99 años | C25: 10 | D25: =C25*J2/SUM('DF2005'!P98:P102) -> 2083.3333 | H25: 95 a 99 años | I25: 33 | J25: =I25*J2/SUM('DF2005'!U98:U102) -> 1217.7122
B26: 100 a 104 años | C26: 2 | D26: =C26*J2/SUM('DF2005'!P103:P107) -> 1333.3333 | H26: 100 a 104 años | I26: 4 | J26: =I26*J2/SUM('DF2005'!U103:U107) -> 512.82051
B27: 110 a 114 años | C27: 1 | D27: =C27*J2/SUM('DF2005'!P110:P111) -> 1111.1111 | H27: 110 a 114 años | I27: 2 | J27: =I27*J2/SUM('DF2005'!U113:U117) -> 1250

Sheet Análisis Longitudinal
B2: Departamento | C2: Año | D2: Población Total | E2: Urbano | F2: Rural | G2: Crecimiento PT (%) | H2: Crecimiento Urbano (%) | I2: Crecimiento Rural (%) | K2: GRÁFICO
B3: La Guajira | C3: 1998 | D3: 544002 | E3: 382779 | F3: 161223 | G3: =(D4-D3)/D3 -> 0.025718655 | H3: =(E4-E3)/E3 -> 0.010217384 | I3: =(F4-F3)/F3 -> 0.062522097
C4: 1999 | D4: 557993 | E4: 386690 | F4: 171303 | G4: =(D5-D4)/D4 -> 0.025858747 | H4: =(E5-E4)/E4 -> 0.00077064315 | I4: =(F5-F4)/F4 -> 0.082491258
C5: 2000 | D5: 572422 | E5: 386988 | F5: 185434 | G5: =(D6-D5)/D5 -> 0.025909207 | H5: =(E6-E5)/E5 -> -0.011974532 | I5: =(F6-F5)/F5 -> 0.10496996
C6: 2001 | D6: 587253 | E6: 382354 | F6: 204899 | G6: =(D7-D6)/D6 -> 0.025421752 | H6: =(E7-E6)/E6 -> -0.026054389 | I6: =(F7-F6)/F6 -> 0.12147936
C7: 2002 | D7: 602182 | E7: 372392 | F7: 229790 | G7: =(D8-D7)/D7 -> 0.024623785 | H7: =(E8-E7)/E7 -> -0.036343423 | I7: =(F8-F7)/F7 -> 0.12342574
C8: 2003 | D8: 617010 | E8: 358858 | F8: 258152 | G8: =(D9-D8)/D8 -> 0.023797021 | H8: =(E9-E8)/E8 -> -0.037937011 | I8: =(F9-F8)/F8 -> 0.10961372
C9: 2004 | D9: 631693 | E9: 345244 | F9: 286449 | G9: =(D10-D9)/D9 -> 0.022202241 | H9: =(E10-E9)/E9 -> -0.03099547 | I9: =(F10-F9)/F9 -> 0.086319031
C10: 2005 | D10: 645718 | E10: 334543 | F10: 311175 | G10: =(D11-D10)/D10 -> 0.023000753 | H10: =(E11-E10)/E10 -> -0.016909635 | I10: =(F11-F10)/F10 -> 0.065908251
C11: 2006 | D11: 660570 | E11: 328886 | F11: 331684 | G11: =(D12-D11)/D11 -> 0.022810603 | H11: =(E12-E11)/E11 -> -0.0039892242 | I11: =(F12-F11)/F11 -> 0.049384354
C12: 2007 | D12: 675638 | E12: 327574 | F12: 348064 | G12: =(D13-D12)/D12 -> 0.022874675 | H12: =(E13-E12)/E12 -> 0.0061390709 | I12: =(F13-F12)/F12 -> 0.03862508
C13: 2008 | D13: 691093 | E13: 329585 | F13: 361508 | G13: =(D14-D13)/D13 -> 0.022934685 | H13: =(E14-E13)/E13 -> 0.013055813 | I13: =(F14-F13)/F13 -> 0.031941202
C14: 2009 | D14: 706943 | E14: 333888 | F14: 373055 | G14: =(D15-D14)/D14 -> 0.022590223 | H14: =(E15-E14)/E14 -> 0.016882907 | I14: =(F15-F14)/F14 -> 0.027698329
C15: 2010 | D15: 722913 | E15: 339525 | F15: 383388 | G15: =(D16-D15)/D15 -> 0.021897517 | H15: =(E16-E15)/E15 -> 0.01866431 | I15: =(F16-F15)/F15 -> 0.024760817
... C25: 2020 | D25: 964067 | E25: 481253 | F25: 482814 | G25: =(D26-D25)/D25 -> 0.030095419 | H25: =(E26-E25)/E25 -> 0.039644428 | I25: =(F26-F25)/F25 -> 0.020577282
C26: 2021 | D26: 993081 | E26: 500332 | F26: 492749
B29: Departamento | C29: Año | D29: Nacimientos | E29: Cabecera | F29: Centro poblado y Rural Disperso | G29: Año | H29: Crecimiento Vegetativo | I29: Tasa de Crecimiento Vegetativo (%) | J29: Crecimiento Migración Neta | K29: Tasa de Crecimiento Migración Neta (%) | P29: GRÁFICO
B30: La Guajira | C30: 1998 | D30: 9396 | E30: 8126 | F30: 678 | G30: 1998 | H30: =D30-D56 -> 8228 | I30: =(H31-H30)/H30 -> 0.047642197 | J30: =D3-H30 -> 535774 | K30: =(J31-J30)/J30 -> 0.025381971
C31: 1999 | D31: 9900 | E31: 8657 | F31: 926 | G31: 1999 | H31: =D31-D57 -> 8620 | I31: =(H32-H31)/H31 -> -0.063225058 | J31: =D4-H31 -> 549373 | K31: =(J32-J31)/J31 -> 0.027256527
C32: 2000 | D32: 9467 | E32: 8831 | F32: 634 | G32: 2000 | H32: =D32-D58 -> 8075 | I32: =(H33-H32)/H32 -> 0.051145511 | J32: =D5-H32 -> 564347 | K32: =(J33-J32)/J32 -> 0.025548111
C33: 2001 | D33: 9925 | E33: 8965 | F33: 706 | G33: 2001 | H33: =D33-D59 -> 8488 | I33: =(H34-H33)/H33 -> 0.035461828 | J33: =D6-H33 -> 578765 | K33: =(J34-J33)/J33 -> 0.025274507
C34: 2002 | D34: 10269 | E34: 9380 | F34: 764 | G34: 2002 | H34: =D34-D60 -> 8789 | I34: =(H35-H34)/H34 -> -0.00079645011 | J34: =D7-H34 -> 593393 | K34: =(J35-J34)/J34 -> 0.025000295
C35: 2003 | D35: 10083 | E35: 9322 | F35: 711 | G35: 2003 | H35: =D35-D61 -> 8782 | I35: =(H36-H35)/H35 -> -0.016852653 | J35: =D8-H35 -> 608228 | K35: =(J36-J35)/J35 -> 0.024383948
C36: 2004 | D36: 10213 | E36: 4932 | F36: 487 | G36: 2004 | H36: =D36-D62 -> 8634 | I36: =(H37-H36)/H36 -> 0.11315729 | J36: =D9-H36 -> 623059 | K36: =(J37-J36)/J36 -> 0.020941837
C37: 2005 | D37: 11303 | E37: 10627 | F37: 585 | G37: 2005 | H37: =D37-D63 -> 9611 | I37: =(H38-H37)/H37 -> 0.0916658 | J37: =D10-H37 -> 636107 | K37: =(J38-J37)/J37 -> 0.021963286
C38: 2006 | D38: 12080 | E38: 11437 | F38: 594 | G38: 2006 | H38: =D38-D64 -> 10492 | I38: =(H39-H38)/H38 -> -0.0106748 | J38: =D11-H38 -> 650078 | K38: =(J39-J38)/J38 -> 0.023351044
C39: 2007 | D39: 12072 | E39: 11425 | F39: 599 | G39: 2007 | H39: =D39-D65 -> 10380 | I39: =(H40-H39)/H39 -> 0.058863198 | J39: =D12-H39 -> 665258 | K39: =(J40-J39)/J39 -> 0.022313148
C40: 2008 | D40: 12639 | E40: 11656 | F40: 940 | G40: 2008 | H40: =D40-D66 -> 10991 | I40: =(H41-H40)/H40 -> -0.017286871 | J40: =D13-H40 -> 680102 | K40: =(J41-J40)/J40 -> 0.023584698
C41: 2009 | D41: 12559 | E41: 11674 | F41: 879 | G41: 2009 | H41: =D41-D67 -> 10801 | I41: =(H42-H41)/H41 -> -0.034533839 | J41: =D14-H41 -> 696142 | K41: =(J42-J41)/J41 -> 0.023476532
C42: 2010 | D42: 12173 | E42: 11388 | F42: 784 | G42: 2010 | H42: =D42-D68 -> 10428 | I42: =(H43-H42)/H42 -> 0.043632528 | J42: =D15-H42 -> 712485 | K42: =(J43-J42)/J42 -> 0.021579402
... C52: 2020 | D52: 25100 | E52: 21877 | F52: 3221 | G52: 2020 | H52: =D52-D78 -> 21558 | I52: =(H53-H52)/H52 -> 0.022451062 | J52: =D25-H52 -> 942509 | K52: =(J53-J52)/J52 -> 0.030270268
C53: 2021 | D53: 26355 | E53: 23752 | F53: 2603 | G53: 2021 | H53: =D53-D79 -> 22042 | J53: =D26-H53 -> 971039
B55: Departamento | C55: Año | D55: Defunciones | E55: Urbano | F55: Rural | H55: GRÁFICO
B56: La Guajira | C56: 1998 | D56: 1168 | E56: 881 | F56: 286
C57: 1999 | D57: 1280 | E57: 919 | F57: 305
C58: 2000 | D58: 1392 | E58: 1021 | F58: 314
C59: 2001 | D59: 1437 | E59: 1042 | F59: 339
C60: 2002 | D60: 1480 | E60: 1095 | F60: 299
C61: 2003 | D61: 1301 | E61: 1005 | F61: 264
C62: 2004 | D62: 1579 | E62: 1176 | F62: 255
C63: 2005 | D63: 1692 | E63: 1250 | F63: 383
C64: 2006 | D64: 1588 | E64: 1126 | F64: 401
C65: 2007 | D65: 1692 | E65: 1204 | F65: 404
C66: 2008 | D66: 1648 | E66: 1149 | F66: 406
C67: 2009 | D67: 1758 | E67: 1228 | F67: 440
C68: 2010 | D68: 1745 | E68: 1250 | F68: 431
... C79: 2021 | D79: 4313 | E79: 3273 | F79: 1039

Sheet AL_Riohacha
B2: Municipio | C2: Año | D2: Población Total | E2: Urbano | F2: Rural | G2: Crecimiento PT (%) | H2: Crecimiento Urbano (%) | I2: Crecimiento Rural (%) | K2: GRÁFICO
B3: Riohacha | C3: 1998 | D3: 131326 | E3: 114695 | F3: 16631 | G3: =(D4-D3)/D3 -> 0.020155948 | H3: =(E4-E3)/E3 -> 0.0085879942 | I3: =(F4-F3)/F3 -> 0.099933858
C4: 1999 | D4: 133973 | E4: 115680 | F4: 18293 | G4: =(D5-D4)/D4 -> 0.0018884402 | H4: =(E5-E4)/E4 -> -0.019164938 | I4: =(F5-F4)/F4 -> 0.13502433
C5: 2000 | D5: 134226 | E5: 113463 | F5: 20763 | G5: =(D6-D5)/D5 -> 0.01224055 | H5: =(E6-E5)/E5 -> -0.0084080273 | I5: =(F6-F5)/F5 -> 0.12507826
C6: 2001 | D6: 135869 | E6: 112509 | F6: 23360 | G6: =(D7-D6)/D6 -> 0.005291862 | H6: =(E7-E6)/E6 -> -0.022824841 | I6: =(F7-F6)/F6 -> 0.14071062
C7: 2002 | D7: 136588 | E7: 109941 | F7: 26647 | G7: =(D8-D7)/D7 -> 0.00068820101 | H7: =(E8-E7)/E7 -> -0.033108667 | I7: =(F8-F7)/F7 -> 0.14012834
C8: 2003 | D8: 136682 | E8: 106301 | F8: 30381 | G8: =(D9-D8)/D8 -> 0.00016095755 | H8: =(E9-E8)/E8 -> -0.035295999 | I8: =(F9-F8)/F8 -> 0.12422238
C9: 2004 | D9: 136704 | E9: 102549 | F9: 34155 | G9: =(D10-D9)/D9 -> 0.0036575375 | H9: =(E10-E9)/E9 -> -0.027879355 | I9: =(F10-F9)/F9 -> 0.098345777
C10: 2005 | D10: 137204 | E10: 99690 | F10: 37514 | G10: =(D11-D10)/D10 -> 0.011085683 | H10: =(E11-E10)/E10 -> -0.014043535 | I10: =(F11-F10)/F10 -> 0.077864264
C11: 2006 | D11: 138725 | E11: 98290 | F11: 40435 | G11: =(D12-D11)/D11 -> 0.016233556 | H11: =(E12-E11)/E11 -> -0.0013633126 | I11: =(F12-F11)/F11 -> 0.059008285
C12: 2007 | D12: 140977 | E12: 98156 | F12: 42821 | G12: =(D13-D12)/D12 -> 0.020939586 | H12: =(E13-E12)/E12 -> 0.008853254 | I12: =(F13-F12)/F12 -> 0.048644357
C13: 2008 | D13: 143929 | E13: 99025 | F13: 44904 | G13: =(D14-D13)/D13 -> 0.023178095 | H13: =(E14-E13)/E13 -> 0.015480939 | I13: =(F14-F13)/F13 -> 0.040152325
C14: 2009 | D14: 147265 | E14: 100558 | F14: 46707 | G14: =(D15-D14)/D14 -> 0.024323498 | H14: =(E15-E14)/E14 -> 0.019312238 | I14: =(F15-F14)/F14 -> 0.03511251
C15: 2010 | D15: 150847 | E15: 102500 | F15: 48347 | G15: =(D16-D15)/D15 -> 0.02447513 | H15: =(E16-E15)/E15 -> 0.020907317 | I15: =(F16-F15)/F15 -> 0.032039216
... C25: 2020 | D25: 206087 | E25: 150334 | F25: 55753 | G25: =(D26-D25)/D25 -> 0.031025732 | H25: =(E26-E25)/E25 -> 0.034702729 | I25: =(F26-F25)/F25 -> 0.021110972
C26: 2021 | D26: 212481 | E26: 155551 | F26: 56930
B29: Municipio | C29: Año | D29: Nacimientos | E29: Cabecera | F29: Centro poblado y Rural Disperso | G29: Año | H29: Tasa Vegetativa | I29: Migración | J29: Tasa de Crecimiento Migración (%) | N29: GRÁFICO
B30: Riohacha | C30: 1998 | D30: 3604 | E30: 3125 | F30: 26 | G30: 1998 | H30: =D30-D56 -> 3264 | I30: =D3-H30 -> 128062 | J30: =(I31-I30)/I30 -> 0.020833659
C31: 1999 | D31: 3590 | E31: 3260 | F31: =52+10 -> 62 | G31: 1999 | H31: =D31-D57 -> 3243 | I31: =D4-H31 -> 130730 | J31: =(I32-I31)/I31 -> 0.0039088197
C32: 2000 | D32: 3398 | E32: 3337 | F32: =50+9 -> 59 | G32: 2000 | H32: =D32-D58 -> 2985 | I32: =D5-H32 -> 131241 | J32: =(I33-I32)/I32 -> 0.011596986
C33: 2001 | D33: 3460 | E33: 3288 | F33: =27+8 -> 35 | G33: 2001 | H33: =D33-D59 -> 3106 | I33: =D6-H33 -> 132763 | J33: =(I34-I33)/I33 -> 0.0066810783
C34: 2002 | D34: 3356 | E34: 3339 | F34: =7+8 -> 15 | G34: 2002 | H34: =D34-D60 -> 2938 | I34: =D7-H34 -> 133650 | J34: =(I35-I34)/I34 -> -0.00091283202
C35: 2003 | D35: 3513 | E35: 3494 | F35: =6+13 -> 19 | G35: 2003 | H35: =D35-D61 -> 3154 | I35: =D8-H35 -> 133528 | J35: =(I36-I35)/I35 -> 0.0031004733
C36: 2004 | D36: 3246 | E36: 3235 | F36: =5+6 -> 11 | G36: 2004 | H36: =D36-D62 -> 2762 | I36: =D9-H36 -> 133942 | J36: =(I37-I36)/I36 -> -0.0019187409
C37: 2005 | D37: 4012 | E37: 3974 | F37: =14+21 -> 35 | G37: 2005 | H37: =D37-D63 -> 3519 | I37: =D10-H37 -> 133685 | J37: =(I38-I37)/I37 -> 0.0083105808
C38: 2006 | D38: 4437 | E38: 4307 | F38: =18+110 -> 128 | G38: 2006 | H38: =D38-D64 -> 3929 | I38: =D11-H38 -> 134796 | J38: =(I39-I38)/I38 -> 0.015044957
C39: 2007 | D39: 4686 | E39: 4470 | F39: =14+174 -> 188 | G39: 2007 | H39: =D39-D65 -> 4153 | I39: =D12-H39 -> 136824 | J39: =(I40-I39)/I39 -> 0.018936736
C40: 2008 | D40: 4998 | E40: =2419+2230 -> 4649 | F40: =20+25+136+147 -> 328 | G40: 2008 | H40: =D40-D66 -> 4514 | I40: =D13-H40 -> 139415 | J40: =(I41-I40)/I40 -> 0.026403185
C41: 2009 | D41: 4689 | E41: =2299+2228 -> 4527 | F41: =14+10+54+81 -> 159 | G41: 2009 | H41: =D41-D67 -> 4169 | I41: =D14-H41 -> 143096 | J41: =(I42-I41)/I41 -> 0.027072734
C42: 2010 | D42: 4419 | E42: =2266+2131 -> 4397 | F42: =2+8+12 -> 22 | G42: 2010 | H42: =D42-D68 -> 3877 | I42: =D15-H42 -> 146970 | J42: =(I43-I42)/I42 -> 0.021990882
C43: 2011 | D43: 4937 | E43: =2570+2349 -> 4919 | F43: =2*4+5*2 -> 18 | G43: 2011 | H43: =D43-D69 -> 4337 | I43: =D16-H43 -> 150202 | J43: =(I44-I43)/I43 -> 0.023361873
C44: 2012 | D44: 5193 | E44: =2686+2498 -> 5184 | F44: =2+1+2+4 -> 9 | G44: 2012 | H44: =D44-D70 -> 4614 | I44: =D17-H44 -> 153711 | J44: =(I45-I44)/I44 -> 0.026042378
C45: 2013 | D45: 5023 | E45: =2578+2434 -> 5012 | F45: =2+4+2+3 -> 11 | G45: 2013 | H45: =D45-D71 -> 4482 | I45: =D18-H45 -> 157714 | J45: =(I46-I45)/I45 -> 0.022261816
C46: 2014 | D46: 5449 | E46: =2772+2663+1 -> 5436 | F46: =1+2+6+4 -> 13 | G46: 2014 | H46: =D46-D72 -> 4845 | I46: =D19-H46 -> 161225 | J46: =(I47-I46)/I46 -> 0.023513723
C47: 2015 | D47: 5635 | E47: =2858+2758 -> 5616 | F47: =1+4+6+8 -> 19 | G47: 2015 | H47: =D47-D73 -> 5015 | I47: =D20-H47 -> 165016 | J47: =(I48-I47)/I47 -> 0.027100402
C48: 2016 | D48: 5808 | E48: 2907 | F48: =2+25+29 -> 56 | G48: 2016 | H48: =D48-D74 -> 5188 | I48: =D21-H48 -> 169488 | J48: =(I49-I48)/I48 -> 0.031146748
C49: 2017 | D49: 6086 | E49: 3013 | F49: =5+11+22+23 -> 61 | G49: 2017 | H49: =D49-D75 -> 5408 | I49: =D22-H49 -> 174767 | J49: =(I50-I49)/I49 -> 0.041638296
C50: 2018 | D50: 6826 | E50: =3502+3283 -> 6785 | F50: =2+16+20 -> 38 | G50: 2018 | H50: =D50-D76 -> 5970 | I50: =D23-H50 -> 182044 | J50: =(I51-I50)/I50 -> 0.038946628
C51: 2019 | D51: 7485 | E51: =3844+3590+4 -> 7438 | F51: =1+5+23+18 -> 47 | G51: 2019 | H51: =D51-D77 -> 6613 | I51: =D24-H51 -> 189134 | J51: =(I52-I51)/I51 -> 0.056600082
C52: 2020 | D52: 7328 | E52: =3613+3359 -> 6972 | F52: =176+180+1 -> 357 | G52: 2020 | H52: =D52-D78 -> 6248 | I52: =D25-H52 -> 199839 | J52: =(I53-I52)/I52 -> 0.030969931
C53: 2021 | D53: 7634 | E53: =3747+3634+1 -> 7382 | F53: =4+3+129+116 -> 252 | G53: 2021 | H53: =D53-D79 -> 6453 | I53: =D26-H53 -> 206028
B55: Municipio | C55: Año | D55: Defunciones | E55: Urbano | F55: Rural | H55: GRÁFICO
B56: Riohacha | C56: 1998 | D56: 340 | E56: 282 | F56: 57
C57: 1999 | D57: 347 | E57: 282 | F57: 53
C58: 2000 | D58: 413 | E58: 337 | F58: 61
C59: 2001 | D59: 354 | E59: 298 | F59: 44
C60: 2002 | D60: 418 | E60: 326 | F60: 70
C61: 2003 | D61: 359 | E61: 291 | F61: 58
C62: 2004 | D62: 484 | E62: 401 | F62: 68
C63: 2005 | D63: 493 | E63: 403 | F63: 77
C64: 2006 | D64: 508 | E64: 396 | F64: 96
C65: 2007 | D65: 533 | E65: 400 | F65: 99
C66: 2008 | D66: 484 | E66: 353 | F66: 87
C67: 2009 | D67: 520 | E67: 407 | F67: 76
C68: 2010 | D68: 542 | E68: 423 | F68: 102
... C79: 2021 | D79: 1181 | E79: 980 | F79: 200
